AOP ID,Title,OECD Status,License,Handbook Version,Completion %,Raw Score,Max Score,Events,KERs,Stressors,Empty Free Text Fields,Empty Structured Fields
4,Ecdysone receptor agonism leading to mortality via suppression of Ftz-f1,,BY-SA,1.0,100.0,17,17,9,8,11,,
10,Binding to the picrotoxin site of ionotropic GABA receptors leading to epileptic seizures in adult brain,WPHA/WNT Endorsed,BY-SA,1.0,100.0,17,17,6,5,7,"development_strategy, known_modulating_factors",
17,Binding of electrophilic chemicals to SH(thiol)-group of proteins and /or to seleno-proteins involved in protection against oxidative stress during brain development leads to impairment of learning and memory,WPHA/WNT Endorsed,BY-SA,1.0,100.0,17,17,10,11,3,development_strategy,
21,"Aryl hydrocarbon receptor activation leading to early life stage mortality, via increased COX-2",WPHA/WNT Endorsed,BY-SA,1.0,100.0,17,17,5,5,1,"development_strategy, known_modulating_factors",
23,Androgen receptor agonism leading to reproductive dysfunction (in repeat-spawning fish),WPHA/WNT Endorsed,BY-SA,1.0,100.0,17,17,10,13,1,"development_strategy, known_modulating_factors",
37,PPARα activation leading to hepatocellular adenomas and carcinomas in rodents,Under Development,BY-SA,1.0,100.0,17,17,5,7,9,"development_strategy, known_modulating_factors",
39,"Covalent Binding, Protein, leading to Increase, Allergic Respiratory Hypersensitivity Response",Under Development,BY-SA,1.0,100.0,17,17,5,6,1,development_strategy,
106,Chemical binding to tubulin in oocytes leading to aneuploid offspring,Under Review,BY-SA,1.0,100.0,17,17,6,6,4,"development_strategy, known_modulating_factors",
107,Constitutive androstane receptor activation leading to hepatocellular adenomas and carcinomas in the mouse and the rat,Under Review,BY-SA,1.0,100.0,17,17,5,4,3,"development_strategy, known_modulating_factors",
131,Aryl hydrocarbon receptor activation leading to uroporphyria,WPHA/WNT Endorsed,BY-SA,1.0,100.0,17,17,6,5,4,"development_strategy, known_modulating_factors",
154,Inhibition of Calcineurin Activity Leading to Impaired T-Cell Dependent Antibody Response,WPHA/WNT Endorsed,BY-SA,1.0,100.0,17,17,5,4,9,"development_strategy, known_modulating_factors",
155,Deiodinase 2 inhibition leading to increased mortality via reduced posterior swim bladder inflation,WPHA/WNT Endorsed,BY-SA,1.0,100.0,17,17,6,7,1,"development_strategy, known_modulating_factors",
159,Thyroperoxidase inhibition leading to increased mortality via reduced anterior swim bladder inflation,WPHA/WNT Endorsed,BY-SA,1.0,100.0,17,17,8,9,3,development_strategy,
173,Substance interaction with the pulmonary resident cell membrane components leading to pulmonary fibrosis,WPHA/WNT Endorsed,All rights reserved,1.0,100.0,17,17,8,7,2,,
202, Inhibitor binding to topoisomerase II leading to infant leukaemia,WPHA/WNT Endorsed,BY-SA,1.0,100.0,17,17,4,3,4,"development_strategy, known_modulating_factors",
205,AOP from chemical insult to cell death,,BY-SA,1.0,100.0,17,17,6,5,1,"development_strategy, known_modulating_factors",
220,Cyp2E1 Activation Leading to Liver Cancer,WPHA/WNT Endorsed,BY-SA,1.0,100.0,17,17,5,7,1,"development_strategy, known_modulating_factors",
263,Uncoupling of oxidative phosphorylation leading to  growth inhibition via decreased cell proliferation,WPHA/WNT Endorsed,BY-SA,2.0,100.0,17,17,4,3,11,"development_strategy, known_modulating_factors",
272,Deposition of energy leading to lung cancer,WPHA/WNT Endorsed,BY-SA,2.0,100.0,17,17,7,14,1,development_strategy,
282,Adverse outcome pathway on photochemical toxicity initiated by light exposure,Under Review,BY-SA,2.0,100.0,17,17,4,4,3,"development_strategy, known_modulating_factors",
296,Oxidative DNA damage leading to chromosomal aberrations and mutations,WPHA/WNT Endorsed,BY-SA,2.0,100.0,17,17,5,9,8,development_strategy,
334,Glucocorticoid Receptor Agonism Leading to Impaired Fin Regeneration,,BY-SA,2.0,100.0,17,17,6,5,2,development_strategy,
342,Ecdysone receptor hyperactivation leading to mortality via mis-timed activation of nuclear receptor cascade,,BY-SA,2.0,100.0,17,17,8,7,8,,
346,Aromatase inhibition leads to male-biased sex ratio via impacts on gonad differentiation,WPHA/WNT Endorsed,BY-SA,2.0,100.0,17,17,5,6,5,,
376,Androgen receptor agonism leading to male-biased sex ratio,WPHA/WNT Endorsed,BY-SA,2.0,100.0,17,17,4,4,5,,
411,Oxidative stress Leading to Decreased Lung Function ,,BY-SA,2.0,100.0,17,17,4,3,5,"development_strategy, known_modulating_factors",
413,Oxidation and antagonism of reduced glutathione leading to mortality via acute renal failure,,BY-SA,2.0,100.0,17,17,6,5,3,development_strategy,
424,Oxidative stress Leading to Decreased Lung Function via CFTR dysfunction,,BY-SA,2.0,100.0,17,17,6,5,3,"development_strategy, known_modulating_factors",
425,Oxidative Stress Leading to Decreased Lung Function via Decreased FOXJ1,,BY-SA,2.0,100.0,17,17,6,5,1,"development_strategy, known_modulating_factors",
440,Hypothalamus estrogen receptors activity suppression leading to ovarian cancer via ovarian epithelial cell hyperplasia,Under Development,All rights reserved,2.0,100.0,17,17,9,8,3,,
443, DNA damage and mutations leading to Metastatic Breast Cancer,Under Development,BY-SA,2.0,100.0,17,17,10,10,1,,
455,Aryl hydrocarbon receptor activation leading to early life stage mortality via sox9 repression induced impeded craniofacial development,WPHA/WNT Endorsed,BY-SA,2.0,100.0,17,17,6,9,1,,
456,Aryl hydrocarbon receptor activation leading to early life stage mortality via sox9 repression induced cardiovascular toxicity,WPHA/WNT Endorsed,BY-SA,2.0,100.0,17,17,6,9,1,,
460,Antagonism of Smoothened receptor leading to orofacial clefting,Under Review,All rights reserved,2.0,100.0,17,17,9,10,5,,
470,Deposition of energy leads to abnormal vascular remodeling,WPHA/WNT Endorsed,BY-SA,2.5,100.0,19,19,8,16,1,,
475,Binding of chemicals to ionotropic glutamate receptors leads to impairment of learning and memory via loss of drebrin from dendritic spines of neurons,Under Development,All rights reserved,2.5,100.0,19,19,8,9,4,,
478,Deposition of energy leading to occurrence of cataracts,WPHA/WNT Endorsed,BY-SA,2.5,100.0,19,19,10,22,1,,
482,Deposition of energy leading to occurrence of bone loss,WPHA/WNT Endorsed,BY-SA,2.5,100.0,19,19,7,11,1,,
483,Deposition of Energy Leading to Learning and Memory Impairment,WPHA/WNT Endorsed,BY-SA,2.5,100.0,19,19,8,15,1,,
491,"Decrease, GLI1/2 target gene expression leads to orofacial clefting ",Under Development,All rights reserved,2.5,100.0,19,19,6,6,2,,
519,Cardiac ion channels blockade  leading to  increased incidence of cardiovascular morbidity and mortality ,,Open for adoption,2.6,100.0,19,19,4,3,5,,
550,Increased LMNA gene mutation leading to heart failure,,BY-SA,2.7,100.0,19,19,5,4,8,,
551,Increased Muscarinic M2 Receptor leading to Arrhythmia,,Open for adoption,2.7,100.0,19,19,5,4,3,,
552,Inhibiton of L-Type Calcium Channels leading to heart failure via QT interval prolongation and Torsades de Pointes (TdP),,All rights reserved,2.7,100.0,19,19,6,5,9,,
553,Inhibition of Voltage-gated sodium channels (Na⁺ channels)  leading to heart failure,,All rights reserved,2.7,100.0,19,19,4,3,9,,
554,β-adrenergic receptor agonists leading to arrhythmias.,,All rights reserved,2.7,100.0,19,19,4,3,6,,
558,Phosphodiesterase inhibition leading to heart failure,,All rights reserved,2.7,100.0,19,19,6,5,8,,
559,Inhibition of acetylcholinesterase (AChE) leading to arrhythmias,,All rights reserved,2.7,100.0,19,19,5,4,16,,
560,Inhibition of Funny current (If) leading to Arrhythmias,,Open for adoption,2.7,100.0,19,19,4,3,6,,
562,HCN Channel Inhibition leading to Arrhythmias,,All rights reserved,2.7,100.0,19,19,5,4,5,,
587,Inhibition of the mitochondrial complex III of nigro-striatal neurons leads to parkinsonian motor deficits ,,BY-SA,2.7,100.0,19,19,4,3,2,,
606,Ecdysone receptor antagonism leading to mortality via inhibition of chitin synthase 1,,BY-SA,2.7,100.0,19,19,6,5,3,,
615,Suppression of Keap1 cysteine oxidation leading to liver failure,,All rights reserved,2.7,100.0,19,19,5,4,6,,
167,Early-life estrogen receptor agonism leading to endometrial adenosquamous carcinoma via promotion of sine oculis homeobox 1 progenitor cells,,BY-SA,2.7,94.74,18,19,7,7,2,quantitative_considerations,
345,Androgen receptor (AR) antagonism leading to decreased fertility in females,Under Development,BY-SA,2.5,94.74,18,19,6,5,1,background,
442,Binding to voltage gate sodium channels during development leads to cognitive impairment,WPHA/WNT Endorsed,BY-SA,2.7,94.74,18,19,7,6,1,background,
499,Activation of MEK-ERK1/2 leads to deficits in learning and cognition via disrupted neurotransmitter release,,All rights reserved,2.6,94.74,18,19,4,3,5,quantitative_considerations,
500,Activation of MEK-ERK1/2 leads to deficits in learning and cognition via ROS and apoptosis,,All rights reserved,2.6,94.74,18,19,7,7,5,quantitative_considerations,
501,Excessive iron accumulation leading to neurological disorders,,Open for adoption,2.6,94.74,18,19,4,3,0,,stressors
534,Succinate dehydrogenase (SDH) inhibition leads to cancer through oxidative stress,,All rights reserved,2.6,94.74,18,19,6,5,3,quantitative_considerations,
555,"Inhibition, Ether-a-go-go (ERG) Voltage-Gated Potassium Channel leading to heart failure",,All rights reserved,2.7,94.74,18,19,5,4,12,potential_applications,
556,Decreased Na/K ATPase activity leading to heart failure,,All rights reserved,2.7,94.74,18,19,6,5,8,,taxonomy_applicability
563,Aryl hydrocarbon Receptor (AHR) activation causes Premature Ovarian Insufficiency via Bax mediated apoptosis,,All rights reserved,2.7,94.74,18,19,6,5,5,authors,
573,"Inhibition, cytochrome oxidase leads to Increased, pulmonary edema",,BY-SA,2.7,94.74,18,19,3,2,0,,stressors
574,"Inhibition, cytochrome oxidase leads to Loss of olfactory function",,BY-SA,2.7,94.74,18,19,3,2,0,,stressors
575,Decreased testosterone synthesis leading to increased nipple retention (NR) in male (rodent) offspring,,BY-SA,2.7,94.74,18,19,5,6,2,overall_assessment_description,
576,5α-reductase inhibition leading to increased nipple retention (NR) in male (rodent) offspring,,BY-SA,2.7,94.74,18,19,5,4,1,overall_assessment_description,
593,Redox cycling of a chemical by mitochondria leads to degeneration of nigrostriatal dopaminergic neurons ,,BY-SA,2.7,94.74,18,19,5,4,1,overall_assessment_description,
612,Peroxisome proliferator-activated receptor alpha activation leading to early life stage mortality via reduced adenosine triphosphate,,BY-SA,2.7,94.74,18,19,7,6,0,,stressors
613,Peroxisome proliferator-activated receptor alpha activation leading to early life stage mortality via increased reactive oxygen species production,,BY-SA,2.7,94.74,18,19,7,6,0,,stressors
614,Peroxisome proliferator-activated receptor alpha activation leading to early life stage mortality via reduced vascular endothelial growth factor,,BY-SA,2.7,94.74,18,19,5,4,0,,stressors
3,Inhibition of the mitochondrial complex I of nigro-striatal neurons leads to parkinsonian motor deficits,WPHA/WNT Endorsed,BY-SA,1.0,94.12,16,17,7,8,6,overall_assessment_description,
6,Antagonist binding to PPARα leading to body-weight loss,WPHA/WNT Endorsed,BY-SA,1.0,94.12,16,17,8,8,3,"background, development_strategy, known_modulating_factors",
15,Alkylation of DNA in male pre-meiotic germ cells leading to heritable mutations,WPHA/WNT Endorsed,BY-SA,1.0,94.12,16,17,4,5,0,"development_strategy, known_modulating_factors",stressors
38,Protein Alkylation leading to Liver Fibrosis,WPHA/WNT Endorsed,BY-SA,1.0,94.12,16,17,7,7,5,"background, development_strategy",
42,Inhibition of Thyroperoxidase and Subsequent Adverse Neurodevelopmental Outcomes in Mammals,WPHA/WNT Endorsed,BY-SA,1.0,94.12,16,17,8,12,2,"potential_applications, development_strategy, known_modulating_factors",
113,Glutamate-gated chloride channel activation leading to acute mortality,,BY-SA,1.0,94.12,16,17,6,5,0,,stressors
144,Endocytic lysosomal uptake leading to liver fibrosis,Under Review,BY-SA,1.0,94.12,16,17,9,8,8,"potential_applications, development_strategy, known_modulating_factors",
148,EGFR Activation Leading to Decreased Lung Function,Under Development,BY-SA,1.0,94.12,16,17,4,4,1,overall_assessment_description,
149,Peptide Oxidation Leading to Hypertension,Under Development,BY-SA,1.0,94.12,16,17,10,11,1,"overall_assessment_description, development_strategy, known_modulating_factors",
150,"Aryl hydrocarbon receptor activation leading to early life stage mortality, via reduced VEGF",WPHA/WNT Endorsed,BY-SA,1.0,94.12,16,17,7,7,3,"overall_assessment_description, development_strategy, known_modulating_factors",
156,Deiodinase 2 inhibition leading to increased mortality via reduced anterior swim bladder inflation,WPHA/WNT Endorsed,BY-SA,1.0,94.12,16,17,6,5,0,"development_strategy, known_modulating_factors",stressors
157,Deiodinase 1 inhibition leading to increased mortality via reduced posterior swim bladder inflation ,WPHA/WNT Endorsed,BY-SA,1.0,94.12,16,17,6,7,0,"development_strategy, known_modulating_factors",stressors
158,Deiodinase 1 inhibition leading to increased mortality via reduced anterior swim bladder inflation,WPHA/WNT Endorsed,BY-SA,1.0,94.12,16,17,6,5,0,"development_strategy, known_modulating_factors",stressors
175,Thyroperoxidase inhibition leading to altered amphibian metamorphosis,,BY-SA,1.0,94.12,16,17,4,4,4,"background, development_strategy, known_modulating_factors",
212,Histone deacetylase inhibition leading to testicular atrophy,WPHA/WNT Endorsed,BY-SA,1.0,94.12,16,17,6,9,4,"background, development_strategy",
213,Inhibition of fatty acid beta oxidation leading to nonalcoholic steatohepatitis (NASH),,Open for adoption,1.0,94.12,16,17,6,5,0,"development_strategy, known_modulating_factors",stressors
218,Inhibition of CYP7B activity leads to decreased reproductive success via decreased locomotor activity,,BY-SA,1.0,94.12,16,17,6,7,1,"potential_applications, development_strategy, known_modulating_factors",
219,Inhibition of CYP7B activity leads to decreased reproductive success via decreased sexual behavior,,BY-SA,1.0,94.12,16,17,6,6,1,"potential_applications, development_strategy, known_modulating_factors",
256,Inhibition of mitochondrial DNA polymerase gamma leading to kidney toxicity,Under Development,BY-SA,1.0,94.12,16,17,5,4,5,"background, development_strategy, known_modulating_factors",
277,Impaired IL-1R1 signaling leading to Impaired T-Cell Dependent Antibody Response,WPHA/WNT Endorsed,BY-SA,2.0,94.12,16,17,4,3,16,"overall_assessment_description, development_strategy",
292,Inhibition of tyrosinase leads to decreased population in fish,Under Development,BY-SA,2.0,94.12,16,17,6,5,1,"overall_assessment_applicability, development_strategy, known_modulating_factors",
298,Increase in reactive oxygen species (ROS) leading to human treatment-resistant gastric cancer,Under Review,BY-SA,2.0,94.12,16,17,5,4,6,background,
315,Inhibition of JAK3 leading to impairment of T-Cell Dependent Antibody Response,Under Development,BY-SA,2.0,94.12,16,17,5,4,2,"potential_applications, development_strategy",
316,Trypsin inhibition leading to pancreatic acinar cell tumors,Under Development,BY-SA,2.0,94.12,16,17,6,5,0,"development_strategy, known_modulating_factors",stressors
323,PPARalpha Agonism Leading to Decreased Viable Offspring via Decreased 11-Ketotestosterone,,BY-SA,2.0,94.12,16,17,6,5,3,overall_assessment_description,
344,Androgen receptor (AR) antagonism leading to nipple retention (NR) in male (mammalian) offspring,Under Development,BY-SA,2.0,94.12,16,17,4,4,3,overall_assessment_description,
360,Chitin synthase 1 inhibition leading to mortality,WPHA/WNT Endorsed,BY-SA,2.0,94.12,16,17,4,3,6,"overall_assessment_description, development_strategy, known_modulating_factors",
363,Thyroperoxidase inhibition leading to altered visual function via altered retinal layer structure,Under Review,BY-SA,2.0,94.12,16,17,8,8,2,"overall_assessment_description, development_strategy",
368,Cytochrome oxidase inhibition leading to increased nasal lesions,,BY-SA,2.0,94.12,16,17,3,2,0,,stressors
398,Decreased ALDH1A (RALDH) activity leading to decreased fertility via disrupted meiotic initiation of fetal oogonia ,Under Development,BY-SA,2.0,94.12,16,17,6,5,0,,stressors
405,Organo-Phosphate Chemicals induced inhibition of AChE  leading to impaired cognitive function,,BY-SA,2.0,94.12,16,17,5,5,5,"background, development_strategy, known_modulating_factors",
436,"Inhibition of RALDH2 causes reduced all-trans retinoic acid levels, leading to transposition of the great arteries",,BY-SA,2.0,94.12,16,17,5,4,9,"potential_applications, development_strategy, known_modulating_factors",
450, Inhibition of AChE and activation of CYP2E1 leading to sensory axonal peripheral neuropathy and mortality,,BY-SA,2.0,94.12,16,17,7,6,4,"background, development_strategy",
457,Succinate dehydrogenase inhibition leading to increased insulin resistance through reduction in circulating thyroxine,,Open for adoption,2.0,94.12,16,17,6,5,2,potential_applications,
458,AhR activation in the liver leading to Subsequent Adverse Neurodevelopmental Outcomes in Mammals,,Open for adoption,2.0,94.12,16,17,8,8,3,overall_assessment_description,
459,AhR activation in the thyroid leading to Subsequent Adverse Neurodevelopmental Outcomes in Mammals,,Open for adoption,2.0,94.12,16,17,9,8,3,potential_applications,
237,Substance interaction with lung resident cell membrane components leading to atherosclerosis,Under Development,BY-SA,2.5,89.47,17,19,5,8,5,"overall_assessment_description, development_strategy",
474,Succinate dehydrogenase inactivation leads to cancer by promoting EMT,Under Development,BY-SA,2.7,89.47,17,19,5,4,3,"quantitative_considerations, potential_applications",
477,Androgen receptor (AR) antagonism leading to hypospadias in male (mammalian) offspring,,BY-SA,2.5,89.47,17,19,4,3,3,"overall_assessment_description, potential_applications",
492,Glutathione conjugation leading to reproductive dysfunction via oxidative stress,,All rights reserved,2.5,89.47,17,19,5,4,3,"quantitative_considerations, potential_applications",
505,Reactive Oxygen Species (ROS) formation leads to cancer via inflammation pathway,,BY-SA,2.6,89.47,17,19,5,4,2,"quantitative_considerations, potential_applications",
524,Gluten-driven immune activation leading to celiac disease in genetically predisposed individuals ,Under Review,All rights reserved,2.6,89.47,17,19,9,8,3,"woe_evidence, quantitative_considerations",
529,Xenobiotic binding to peroxisome proliferator-activated receptors (PPARs) causes dysregulation of lipid metabolism leading to liver steatosis,,BY-SA,2.6,89.47,17,19,8,9,4,"quantitative_considerations, development_strategy",
539,Decreased Sodium/Potassium ATPase activity leads to Heart failure,,BY-SA,2.7,89.47,17,19,7,6,1,"quantitative_considerations, potential_applications",
564,DBDPE-induced inhibition of mitochondrial complex Ⅰ leading to population decline via neurotoxicity and metabotoxicity.,,BY-SA,2.7,89.47,17,19,11,11,1,"quantitative_considerations, potential_applications",
568,"Inhibition, 5-hydroxytryptamine transporter (5-HTT; SERT) leads to Inhibition, Feeding",,BY-SA,2.7,89.47,17,19,4,4,1,"quantitative_considerations, potential_applications",
570,Decreased testosterone synthesis leading to hypospadias in male (mammalian) offspring,,BY-SA,2.7,89.47,17,19,5,6,2,"overall_assessment_description, potential_applications",
571,5α-reductase inhibition leading to hypospadias in male (mammalian) offspring,,BY-SA,2.7,89.47,17,19,5,4,1,"overall_assessment_description, potential_applications",
12,Chronic binding of antagonist to N-methyl-D-aspartate receptors (NMDARs) during brain development leads to neurodegeneration with impairment in learning and memory in aging,WPHA/WNT Endorsed,BY-SA,1.0,88.24,15,17,8,8,1,"background, development_strategy, known_modulating_factors",sex_applicability
13,Chronic binding of antagonist to N-methyl-D-aspartate receptors (NMDARs) during brain development induces impairment of learning and memory abilities,WPHA/WNT Endorsed,BY-SA,1.0,88.24,15,17,10,11,0,"background, development_strategy, known_modulating_factors",stressors
18,PPARα activation in utero leading to impaired fertility in males,Under Review,BY-SA,1.0,88.24,15,17,8,8,0,"background, development_strategy, known_modulating_factors",stressors
25,Aromatase inhibition leading to reproductive dysfunction,WPHA/WNT Endorsed,BY-SA,1.0,88.24,15,17,8,8,1,"background, overall_assessment_description, development_strategy",
40,Covalent Protein binding leading to Skin Sensitisation,WPHA/WNT Endorsed,BY-SA,1.0,88.24,15,17,5,5,0,"background, development_strategy, known_modulating_factors",stressors
54,Inhibition of Na+/I- symporter (NIS) leads to learning and memory impairment ,WPHA/WNT Endorsed,BY-SA,1.0,88.24,15,17,10,15,5,"background, woe_evidence, development_strategy, known_modulating_factors",
242,Inhibition of lysyl oxidase leading to enhanced chronic fish toxicity,,Open for adoption,1.0,88.24,15,17,8,7,12,"background, potential_applications, development_strategy, known_modulating_factors",
289,Inhibition of 5α-reductase leading to impaired fecundity in female fish,Under Development,BY-SA,2.0,88.24,15,17,6,5,1,"overall_assessment_description, quantitative_considerations, development_strategy, known_modulating_factors",
305,5α-reductase inhibition leading to short anogenital distance (AGD) in male (mammalian) offspring,Under Review,BY-SA,2.0,88.24,15,17,5,5,1,"overall_assessment_description, potential_applications",
306,Androgen receptor (AR) antagonism leading to short anogenital distance (AGD) in male (mammalian) offspring,Under Review,BY-SA,2.0,88.24,15,17,4,4,1,"overall_assessment_description, potential_applications",
307,Decreased testosterone synthesis leading to short anogenital distance (AGD) in male (mammalian) offspring,Under Review,BY-SA,2.0,88.24,15,17,5,7,2,"overall_assessment_description, potential_applications",
314,Binding to estrogen receptor (ER)-α in immune cells leading to exacerbation of systemic lupus erythematosus (SLE),Under Development,BY-SA,2.0,88.24,15,17,5,4,2,"overall_assessment_description, potential_applications, development_strategy, known_modulating_factors",
348,Inhibition of 11β-Hydroxysteroid Dehydrogenase leading to decreased population trajectory ,Under Development,BY-SA,2.0,88.24,15,17,5,4,4,"woe_evidence, quantitative_considerations, development_strategy",
387,Deposition of ionising energy leading to population decline via mitochondrial dysfunction,,BY-SA,2.0,88.24,15,17,8,7,3,"background, potential_applications, development_strategy, known_modulating_factors",
388,Deposition of ionising energy  leading to population decline via programmed cell death,,BY-SA,2.0,88.24,15,17,5,4,3,"background, potential_applications, development_strategy, known_modulating_factors",
389, Oxygen-evolving complex damage leading to population decline via inhibition of photosynthesis,,BY-SA,2.0,88.24,15,17,7,6,1,"background, potential_applications, development_strategy, known_modulating_factors",
399,Inhibition of Fyna leading to increased mortality via decreased eye size (Microphthalmos),,BY-SA,2.0,88.24,15,17,8,7,3,"potential_applications, development_strategy, known_modulating_factors",sex_applicability
410,GSK3beta inactivation leading to increased mortality via defects in developing inner ear,,BY-SA,2.0,88.24,15,17,10,9,1,"potential_applications, development_strategy, known_modulating_factors",sex_applicability
439,Activation of the AhR leading to metastatic breast cancer ,Under Review,BY-SA,2.0,88.24,15,17,9,13,1,"quantitative_considerations, potential_applications",
386,Deposition of ionizing energy leading to population decline via inhibition of photosynthesis,,BY-SA,2.7,84.21,16,19,8,8,3,"background, potential_applications, development_strategy",
494,AhR activation leading to liver fibrosis ,,BY-SA,2.5,84.21,16,19,6,5,1,"woe_evidence, quantitative_considerations, potential_applications",
504,SULT1E1 inhibition leading to uterine adenocarcinoma via increased estrogen availability at target organ level,,All rights reserved,2.6,84.21,16,19,3,2,7,"background, overall_assessment_description, potential_applications",
507,Nrf2 inhibition leading to vascular disrupting effects via inflammation pathway,,All rights reserved,2.6,84.21,16,19,6,6,0,"potential_applications, development_strategy",stressors
508,"Nrf2 inhibition leading to vascular disrupting effects through activating HIF1α, Semaphorin 6A, and Dll4-Notch pathway",,All rights reserved,2.6,84.21,16,19,7,6,0,"potential_applications, development_strategy",stressors
510,Demethylation of PPAR promotor leading to vascular disrupting effects,,All rights reserved,2.6,84.21,16,19,10,12,0,"potential_applications, development_strategy",stressors
511,The AOP framework on ROS-mediated oxidative stress induced vascular disrupting effects ,,All rights reserved,2.6,84.21,16,19,16,25,0,"potential_applications, development_strategy",stressors
513,Reactive Oxygen (ROS) formation leads to cancer via Peroxisome proliferation-activated receptor (PPAR) pathway,,BY-SA,2.6,84.21,16,19,5,4,0,"quantitative_considerations, potential_applications",stressors
517,Pregnane X Receptor (PXR) activation leads to liver steatosis,,BY-SA,2.6,84.21,16,19,5,4,0,"quantitative_considerations, potential_applications",stressors
518,Liver X Receptor (LXR) activation leads to liver steatosis,,BY-SA,2.6,84.21,16,19,5,4,0,"quantitative_considerations, potential_applications",stressors
526,"Decreased, Chicken Ovalbumin Upstream Promoter Transcription Factor II (COUP-TFII) leads to Impaired, Spermatogenesis",,BY-SA,2.6,84.21,16,19,5,4,0,"quantitative_considerations, potential_applications",stressors
527,"Decreased, Chicken Ovalbumin Upstream Promoter Transcription Factor II (COUP-TFII) leads to Hypospadias, increased",,BY-SA,2.6,84.21,16,19,5,4,0,"quantitative_considerations, potential_applications",stressors
528,"Decreased Insulin-like peptide 3 (INSL3) leads to Malformation, cryptorchidism - maldescended testis",,BY-SA,2.6,84.21,16,19,3,2,0,"quantitative_considerations, potential_applications",stressors
535,Binding and activation of GPER leading to learning and memory impairments,,All rights reserved,2.7,84.21,16,19,9,13,1,"quantitative_considerations, potential_applications, development_strategy",
609,"Activation, estrogen receptor alpha leads to prolonged estrus cycle via decreased kisspeptin release",,BY-SA,2.7,84.21,16,19,5,4,0,"quantitative_considerations, potential_applications",stressors
7,Aromatase (Cyp19a1) reduction leading to impaired fertility in adult female,Under Review,BY-SA,1.0,82.35,14,17,5,4,0,"background, quantitative_considerations, development_strategy, known_modulating_factors",stressors
43,Disruption of VEGFR Signaling Leading to Developmental Defects,WPHA/WNT Endorsed,BY-SA,1.0,82.35,14,17,5,4,2,"overall_assessment_description, potential_applications, development_strategy, known_modulating_factors",sex_applicability
46,AFB1: Mutagenic Mode-of-Action leading to Hepatocellular Carcinoma (HCC),Under Review,BY-SA,1.0,82.35,14,17,6,8,0,"overall_assessment_description, potential_applications, development_strategy, known_modulating_factors",stressors
48,"Binding of agonists to ionotropic glutamate receptors in adult brain causes excitotoxicity that mediates neuronal cell death, contributing to learning and memory impairment.",WPHA/WNT Endorsed,BY-SA,1.0,82.35,14,17,9,10,0,"background, quantitative_considerations, development_strategy, known_modulating_factors",stressors
195,5-hydroxytryptamine transporter (5-HTT) inhibition leading to population increase,,BY-SA,1.0,82.35,14,17,8,11,2,"ke_essentiality, development_strategy, known_modulating_factors","sex_applicability, life_stage_applicability"
196,Volatile Organic Chemicals Activate TRPA1 Receptor to Induce Sensory Pulmonary Irritation,,BY-SA,1.0,82.35,14,17,9,10,2,"overall_assessment_description, development_strategy, known_modulating_factors","life_stage_applicability, taxonomy_applicability"
201,Juvenile hormone receptor agonism leading to male offspring induction associated population decline,,BY-SA,1.0,82.35,14,17,6,5,5,"background, overall_assessment_description, potential_applications, development_strategy, known_modulating_factors",
206,Peroxisome proliferator-activated receptors γ inactivation leading to lung fibrosis,Under Development,All rights reserved,1.0,82.35,14,17,6,5,0,"background, overall_assessment_description, development_strategy",stressors
257,Receptor mediated endocytosis and lysosomal overload leading to kidney toxicity,Under Development,BY-SA,1.0,82.35,14,17,5,4,9,"background, overall_assessment_description, ke_essentiality, development_strategy, known_modulating_factors",
293,Increased DNA damage leading to increased risk of breast cancer,Under Development,BY-SA,2.0,82.35,14,17,9,14,2,"quantitative_considerations, development_strategy, known_modulating_factors","sex_applicability, life_stage_applicability"
313,Stimulation of TLR7/8 in dendric cells leading to Psoriatic skin disease,Under Development,BY-SA,2.0,82.35,14,17,5,3,2,"woe_evidence, quantitative_considerations, potential_applications, development_strategy, known_modulating_factors",
324,Excessive reactive oxygen species leading to growth inhibition via uncoupling of oxidative phosphorylation and cell death,,BY-SA,2.0,82.35,14,17,6,5,1,"ke_essentiality, woe_evidence, quantitative_considerations",
343,Ecdysone receptor antagonism leading to mortality via mis-timed ecdysone receptor-responsive nuclear receptor cascade,,BY-SA,2.0,82.35,14,17,8,7,0,,"stressors, sex_applicability, life_stage_applicability"
379,Binding to ACE2 leading to thrombosis and disseminated intravascular coagulation,Under Development,All rights reserved,2.0,82.35,14,17,7,7,1,"background, overall_assessment_description, quantitative_considerations",
490,Co-activation of IP3R and RyR leads to reduced IQ and increased socio-economic burden through non-cholinergic mechanisms,,All rights reserved,2.5,78.95,15,19,12,13,3,"ke_essentiality, woe_evidence, quantitative_considerations",taxonomy_applicability
543, Inhibition of neuropathy target esterase leading to delayed neuropathy via lysolecithin cell membrane integration,,All rights reserved,2.7,78.95,15,19,6,5,1,"overall_assessment_applicability, quantitative_considerations, potential_applications",life_stage_applicability
544, Inhibition of neuropathy target esterase leading to delayed neuropathy via increased inflammation,,All rights reserved,2.7,78.95,15,19,6,6,1,"overall_assessment_applicability, quantitative_considerations, potential_applications",life_stage_applicability
545,"Activation, Pregnane-X receptor, NR1l2 leads to increased plasma low-density lipoprotein (LDL) cholesterol via increased cholesterol synthesis",,BY-SA,2.7,78.95,15,19,5,4,0,"quantitative_considerations, potential_applications, known_modulating_factors",stressors
548,"Activation, Pregnane-X receptor, NR1l2 leads to increased plasma low-density lipoprotein (LDL) cholesterol via increased PCSK9 protein expression",,BY-SA,2.7,78.95,15,19,5,4,0,"quantitative_considerations, potential_applications, known_modulating_factors",stressors
30,Estrogen receptor antagonism leading to reproductive dysfunction,Under Review,BY-SA,1.0,76.47,13,17,6,5,0,"background, ke_essentiality, potential_applications, development_strategy, known_modulating_factors",stressors
271,Inhibition of thyroid peroxidase leading to impaired fertility in fish,Under Development,BY-SA,2.0,76.47,13,17,5,4,3,"overall_assessment_description, overall_assessment_applicability, woe_evidence, quantitative_considerations, development_strategy",
288,"Inhibition of 17α-hydrolase/C 10,20-lyase (Cyp17A1) activity leads to birth reproductive defects (cryptorchidism) in male (mammals)",,BY-SA,2.0,76.47,13,17,8,9,0,"background, overall_assessment_description, quantitative_considerations, development_strategy, known_modulating_factors",stressors
294,Increased reactive oxygen and nitrogen species (RONS) leading to increased risk of breast cancer,Under Development,BY-SA,2.0,76.47,13,17,9,14,2,"quantitative_considerations, development_strategy, known_modulating_factors","sex_applicability, life_stage_applicability, taxonomy_applicability"
297,Inhibition of retinaldehyde dehydrogenase leads to population decline,Under Development,BY-SA,2.0,76.47,13,17,6,5,8,"overall_assessment_applicability, ke_essentiality, woe_evidence, quantitative_considerations, development_strategy, known_modulating_factors",
300,Thyroid Receptor Antagonism and Subsequent Adverse Neurodevelopmental Outcomes in Mammals,Under Development,BY-SA,2.0,76.47,13,17,5,5,0,"background, overall_assessment_description, woe_evidence, development_strategy, known_modulating_factors",stressors
301,Inhibition of Cystathionine Beta synthase leading to impaired the early development of anterior-posterior axis ,,BY-SA,2.0,76.47,13,17,5,4,2,"ke_essentiality, woe_evidence, quantitative_considerations, development_strategy, known_modulating_factors",taxonomy_applicability
349,Inhibition of 11β-hydroxylase leading to decresed population trajectory ,Under Development,BY-SA,2.0,76.47,13,17,8,8,5,"overall_assessment_applicability, ke_essentiality, woe_evidence, quantitative_considerations, development_strategy, known_modulating_factors",
393,AOP for thyroid disorder caused by triphenyl phosphate via TRβ activation,,BY-SA,2.0,76.47,13,17,6,0,1,,"kers, sex_applicability, life_stage_applicability, taxonomy_applicability"
401,G protein-coupled estrogen receptor 1 (GPER) signal pathway in the lipid metabolism disrupting effects,,BY-SA,2.0,76.47,13,17,10,0,1,,"kers, sex_applicability, life_stage_applicability, taxonomy_applicability"
430,Binding of SARS-CoV-2 to ACE2 leads to viral infection proliferation,Under Development,All rights reserved,2.0,76.47,13,17,5,4,3,"ke_essentiality, woe_evidence, quantitative_considerations, potential_applications",
41,Sustained AhR Activation leading to Rodent Liver Tumours,Under Review,BY-SA,1.0,70.59,12,17,5,7,0,"background, overall_assessment_applicability, development_strategy, known_modulating_factors","stressors, sex_applicability, life_stage_applicability"
91,Sodium channel inhibition leading to reduced survival,,BY-SA,1.0,70.59,12,17,6,7,0,"background, ke_essentiality, woe_evidence, development_strategy, known_modulating_factors","stressors, sex_applicability"
97,5-hydroxytryptamine transporter (5-HTT; SERT) inhibition leading to population decline,,BY-SA,1.0,70.59,12,17,10,17,1,"background, ke_essentiality, woe_evidence, quantitative_considerations, potential_applications, development_strategy, known_modulating_factors",
136,Intracellular Acidification Induced Olfactory Epithelial Injury Leading to Site of Contact Nasal Tumors,Under Review,BY-SA,1.0,70.59,12,17,7,7,1,"background, potential_applications, development_strategy, known_modulating_factors","sex_applicability, life_stage_applicability, taxonomy_applicability"
152,Interference with thyroid serum binding protein transthyretin and subsequent adverse human neurodevelopmental toxicity ,Under Development,BY-SA,1.0,70.59,12,17,11,4,13,"overall_assessment_description, overall_assessment_applicability, woe_evidence, quantitative_considerations, potential_applications, development_strategy, known_modulating_factors",
258,Renal protein alkylation leading to kidney toxicity,Under Development,BY-SA,1.0,70.59,12,17,5,4,0,"background, overall_assessment_description, overall_assessment_applicability, ke_essentiality, development_strategy, known_modulating_factors",stressors
320,Binding of SARS-CoV-2 to ACE2 receptor leading to acute respiratory distress associated mortality,Under Development,BY-SA,2.0,70.59,12,17,9,8,3,"overall_assessment_description, overall_assessment_applicability, ke_essentiality, woe_evidence, quantitative_considerations, development_strategy",
374,Binding of Sars-CoV-2 spike protein to ACE 2 receptors expressed on brain cells (neuronal and non-neuronal) leads to neuroinflammation resulting in encephalitis,Under Development,All rights reserved,2.0,70.59,12,17,4,4,3,"overall_assessment_description, overall_assessment_applicability, woe_evidence, quantitative_considerations, potential_applications, development_strategy, known_modulating_factors",
462,Activation of reactive oxygen species leading the atherosclerosis,,BY-SA,2.5,68.42,13,19,7,7,1,"background, overall_assessment_description, potential_applications, development_strategy","sex_applicability, taxonomy_applicability"
509,Nrf2 inhibition leading to vascular disrupting effects through activating apoptosis signal pathway and mitochondrial dysfunction,,All rights reserved,2.6,68.42,13,19,7,8,0,"potential_applications, development_strategy","stressors, sex_applicability, life_stage_applicability, taxonomy_applicability"
521,Essential element imbalance leads to reproductive failure via oxidative stress,,BY-SA,2.6,68.42,13,19,7,7,2,"abstract, overall_assessment_description, ke_essentiality, woe_evidence, quantitative_considerations, potential_applications",
522,Estrogen antagonism leading to increased risk of autism-like behavior,,Open for adoption,2.6,68.42,13,19,6,5,1,"authors, background, overall_assessment_description, overall_assessment_applicability, potential_applications, development_strategy",
546,Succinate dehydrogenase inactivation leads to cancer through hypoxic-like mechanisms,,All rights reserved,2.7,68.42,13,19,5,4,3,"overall_assessment_description, overall_assessment_applicability, ke_essentiality, woe_evidence, quantitative_considerations, potential_applications",
566,"Decreased, GnRH pulsatility/release leading to estradiol availability, increased via impaired ovulation",,All rights reserved,2.7,68.42,13,19,6,5,0,"background, overall_assessment_description, ke_essentiality, quantitative_considerations, potential_applications",stressors
591,DBDPE-induced DNA damage increase in liver leading to Non-alcoholic fatty liver disease via liver steatosis and inhibition of regeneration,,BY-SA,2.7,68.42,13,19,12,13,1,"authors, overall_assessment_description, ke_essentiality, quantitative_considerations, potential_applications, development_strategy",
592,DBDPE-induced DNA strand breaks and LDH activity inhibition leading to population growth rate decline via energy metabolism disrupt and apoptosis,,BY-SA,2.7,68.42,13,19,11,10,1,"authors, overall_assessment_description, overall_assessment_applicability, quantitative_considerations, potential_applications, development_strategy",
16,Acetylcholinesterase inhibition leading to acute mortality,Under Development,BY-SA,1.0,64.71,11,17,7,12,0,"background, overall_assessment_description, quantitative_considerations, potential_applications, development_strategy","stressors, taxonomy_applicability"
29,Estrogen receptor agonism leading to reproductive dysfunction,,BY-SA,1.0,64.71,11,17,9,6,0,"background, ke_essentiality, woe_evidence, quantitative_considerations, potential_applications, development_strategy, known_modulating_factors",stressors
200,Estrogen receptor activation leading to breast cancer  ,,Open for adoption,1.0,64.71,11,17,22,24,0,"background, overall_assessment_description, ke_essentiality, quantitative_considerations, potential_applications, development_strategy, known_modulating_factors",stressors
261,L-type calcium channel blockade leading to heart failure via decrease in cardiac contractility,Under Development,All rights reserved,2.0,64.71,11,17,8,8,9,"overall_assessment_description, overall_assessment_applicability, ke_essentiality, woe_evidence, quantitative_considerations, potential_applications, development_strategy, known_modulating_factors",
281,Acetylcholinesterase Inhibition Leading to Neurodegeneration,,BY-SA,2.0,64.71,11,17,10,11,0,"overall_assessment_description, potential_applications","stressors, sex_applicability, life_stage_applicability, taxonomy_applicability"
303,Frustrated phagocytosis-induced lung cancer,Under Development,BY-SA,2.0,64.71,11,17,7,6,1,"background, overall_assessment_description, ke_essentiality, woe_evidence, quantitative_considerations, potential_applications, development_strategy, known_modulating_factors",
309,Luteinizing hormone receptor antagonism leading to reproductive dysfunction,,BY-SA,2.0,64.71,11,17,7,6,4,"authors, overall_assessment_applicability, ke_essentiality, woe_evidence, quantitative_considerations, potential_applications, development_strategy, known_modulating_factors",
429,A cholesterol/glucose dysmetabolism initiated Tau-driven AOP toward memory loss (AO) in sporadic Alzheimer's Disease with plausible MIE's plug-ins for environmental neurotoxicants,,BY-SA,2.0,64.71,11,17,10,9,0,"background, overall_assessment_description, ke_essentiality, quantitative_considerations, development_strategy, known_modulating_factors","stressors, life_stage_applicability"
433,hERG channel blockade leading to sudden cardiac death,,BY-SA,2.0,64.71,11,17,6,5,0,"background, overall_assessment_description, ke_essentiality, woe_evidence, quantitative_considerations, development_strategy",stressors
441,Ionizing radiation-induced DNA damage leads to microcephaly via apoptosis and premature cell differentiation,,BY-SA,2.0,64.71,11,17,7,8,1,"background, overall_assessment_description, ke_essentiality, woe_evidence, quantitative_considerations, potential_applications, development_strategy",
503,"Activation of uterine estrogen receptor-alfa leading to endometrial adenocarcinoma, via epigenetic modulation",Under Review,BY-SA,2.6,63.16,12,19,6,5,2,"overall_assessment_description, overall_assessment_applicability, ke_essentiality, woe_evidence, quantitative_considerations, potential_applications, development_strategy",
536,Estrogen receptor agonism leading to reduced survival and population growth due to renal failure,,BY-SA,2.7,63.16,12,19,6,5,0,"authors, overall_assessment_description, potential_applications","stressors, sex_applicability, life_stage_applicability, taxonomy_applicability"
8,"Upregulation of Thyroid Hormone Catabolism via Activation of Hepatic Nuclear Receptors, and Subsequent Adverse Neurodevelopmental Outcomes in Mammals",Under Development,Open for adoption,1.0,58.82,10,17,9,8,0,"overall_assessment_description, overall_assessment_applicability, ke_essentiality, quantitative_considerations, potential_applications, development_strategy, known_modulating_factors","stressors, sex_applicability"
27,Cholestatic Liver Injury induced by Inhibition of the Bile Salt Export Pump (ABCB11),Under Development,BY-SA,1.0,58.82,10,17,8,9,0,"background, overall_assessment_applicability, ke_essentiality, woe_evidence, quantitative_considerations, potential_applications, development_strategy, known_modulating_factors",stressors
94,Sodium channel inhibition leading to congenital malformations,,BY-SA,1.0,58.82,10,17,6,5,0,"background, overall_assessment_description, woe_evidence, quantitative_considerations, potential_applications, development_strategy, known_modulating_factors","stressors, sex_applicability"
124,HMG-CoA reductase inhibition leading to decreased fertility,,BY-SA,1.0,58.82,10,17,6,5,0,"background, overall_assessment_applicability, ke_essentiality, woe_evidence, quantitative_considerations, potential_applications, development_strategy, known_modulating_factors",stressors
176,Sodium Iodide Symporter (NIS) Inhibition leading to altered amphibian metamorphosis,,BY-SA,1.0,58.82,10,17,5,5,1,"background, overall_assessment_description, overall_assessment_applicability, ke_essentiality, woe_evidence, quantitative_considerations, potential_applications, development_strategy, known_modulating_factors",
207,NADPH oxidase and P38 MAPK activation leading to reproductive failure in Caenorhabditis elegans,,All rights reserved,1.0,58.82,10,17,8,9,1,"background, overall_assessment_description, overall_assessment_applicability, ke_essentiality, woe_evidence, quantitative_considerations, potential_applications, development_strategy",
208,Janus kinase (JAK)/Signal transducer and activator of transcription (STAT) and Transforming growth factor (TGF)-beta pathways activation leading to reproductive failure,,All rights reserved,1.0,58.82,10,17,3,2,1,"background, overall_assessment_description, overall_assessment_applicability, ke_essentiality, woe_evidence, quantitative_considerations, potential_applications, development_strategy, known_modulating_factors",
210,Activation of c-Jun N-terminal kinase (JNK) and Forkhead box O (FOXO) and reduction of WNT pathways leading to reproductive failure: Integrated multi-OMICS approach for AOP building,,All rights reserved,1.0,58.82,10,17,6,5,1,"background, overall_assessment_description, overall_assessment_applicability, ke_essentiality, woe_evidence, quantitative_considerations, potential_applications, development_strategy, known_modulating_factors",
245,Reduction in photophosphorylation leading to growth inhibition in aquatic plants,,BY-SA,1.0,58.82,10,17,11,10,1,"background, overall_assessment_description, overall_assessment_applicability, ke_essentiality, woe_evidence, quantitative_considerations, potential_applications, development_strategy, known_modulating_factors",
264,Uncoupling of oxidative phosphorylation leading to growth inhibition via ATP depletion associated cell death,Under Development,BY-SA,2.0,58.82,10,17,4,3,0,"ke_essentiality, woe_evidence, quantitative_considerations, development_strategy","stressors, sex_applicability, life_stage_applicability, taxonomy_applicability"
319,Binding to ACE2 leading to lung fibrosis,Under Development,BY-SA,2.0,58.82,10,17,9,7,5,"overall_assessment_description, overall_assessment_applicability, ke_essentiality, woe_evidence, quantitative_considerations, potential_applications, development_strategy, known_modulating_factors",sex_applicability
325,Excessive reactive oxygen species leading to growth inhibition via uncoupling of oxidative phosphorylation and reduced cell growth,,BY-SA,2.0,58.82,10,17,6,5,1,"background, overall_assessment_description, overall_assessment_applicability, ke_essentiality, woe_evidence, quantitative_considerations, potential_applications, development_strategy",
326,Excessive reactive oxygen species leading to growth inhibition via uncoupling of oxidative phosphorylation and reduced cell proliferation,,BY-SA,2.0,58.82,10,17,6,5,1,"background, overall_assessment_description, overall_assessment_applicability, ke_essentiality, woe_evidence, quantitative_considerations, potential_applications, development_strategy",
396,Deposition of ionizing energy leads to population decline via impaired meiosis,,All rights reserved,2.0,58.82,10,17,13,24,2,"background, overall_assessment_description, overall_assessment_applicability, ke_essentiality, woe_evidence, quantitative_considerations, potential_applications, development_strategy, known_modulating_factors",
431,Increased tumor necrosis factor (TNF) leading to increased risk of gestational diabetes mellitus (GDM),,BY-SA,2.0,58.82,10,17,5,4,1,"background, overall_assessment_description, overall_assessment_applicability, ke_essentiality, woe_evidence, quantitative_considerations, potential_applications, development_strategy, known_modulating_factors",
473,Energy deposition from internalized Ra-226 decay lower oxygen binding capacity of hemocyanin,,BY-SA,2.5,57.89,11,19,9,8,0,"background, overall_assessment_description, woe_evidence, quantitative_considerations, potential_applications","stressors, sex_applicability, taxonomy_applicability"
496,Androgen receptor agonism leading to reproduction dysfunction （in zebrafish）,,BY-SA,2.6,57.89,11,19,10,10,1,"background, overall_assessment_description, overall_assessment_applicability, ke_essentiality, woe_evidence, quantitative_considerations, potential_applications, development_strategy",
32,"Inhibition of iNOS, hepatotoxicity, and regenerative proliferation leading to liver tumors",,BY-SA,1.0,52.94,9,17,6,5,0,"background, overall_assessment_applicability, ke_essentiality, woe_evidence, quantitative_considerations, potential_applications, development_strategy, known_modulating_factors","stressors, life_stage_applicability"
105,Alpha2u-microglobulin cytotoxicity leading to renal tubular adenomas and carcinomas (in male rat),,BY-SA,1.0,52.94,9,17,6,5,0,"background, overall_assessment_description, ke_essentiality, woe_evidence, quantitative_considerations, potential_applications, development_strategy, known_modulating_factors","stressors, life_stage_applicability"
130,Phospholipase A2 (LPLA2) inhibitors leading to hepatotoxicity,Under Development,BY-SA,1.0,52.94,9,17,11,25,0,"background, overall_assessment_description, overall_assessment_applicability, ke_essentiality, woe_evidence, quantitative_considerations, potential_applications, development_strategy",stressors
134,Sodium Iodide Symporter (NIS) Inhibition and Subsequent Adverse Neurodevelopmental Outcomes in Mammals,,BY-SA,1.0,52.94,9,17,9,9,0,"background, overall_assessment_description, overall_assessment_applicability, ke_essentiality, woe_evidence, quantitative_considerations, potential_applications, development_strategy, known_modulating_factors",stressors
165,Antiestrogen activity leading to ovarian adenomas and granular cell tumors in the mouse,,BY-SA,1.0,52.94,9,17,10,10,3,"background, overall_assessment_description, overall_assessment_applicability, ke_essentiality, woe_evidence, quantitative_considerations, potential_applications, development_strategy, known_modulating_factors",life_stage_applicability
168,GnRH pulse disruption leading to mammary adenomas and carcinomas in the SD rat.,,BY-SA,1.0,52.94,9,17,9,10,1,"background, overall_assessment_description, overall_assessment_applicability, ke_essentiality, woe_evidence, quantitative_considerations, potential_applications, development_strategy, known_modulating_factors",life_stage_applicability
169,GnRH pulse disruption leading to pituitary adenomas and carcinomas in the SD rat.,,BY-SA,1.0,52.94,9,17,7,7,1,"background, overall_assessment_description, overall_assessment_applicability, ke_essentiality, woe_evidence, quantitative_considerations, potential_applications, development_strategy, known_modulating_factors",life_stage_applicability
170,Anti-dopaminergic activity leading to mammary adenomas and carcinomas in the SD rat,,BY-SA,1.0,52.94,9,17,5,5,2,"background, overall_assessment_description, overall_assessment_applicability, ke_essentiality, woe_evidence, quantitative_considerations, potential_applications, development_strategy, known_modulating_factors",life_stage_applicability
177,Cyclooxygenase 1 (COX1) inhibition leading to renal failure and mortality,,BY-SA,1.0,52.94,9,17,11,11,11,"abstract, background, overall_assessment_description, overall_assessment_applicability, ke_essentiality, woe_evidence, quantitative_considerations, potential_applications, development_strategy, known_modulating_factors",
187,Anticoagulant rodenticide inhibition of vitamin K epoxide reductase resulting coagulopathy and hemorrhage,Under Development,BY-SA,1.0,52.94,9,17,11,7,7,"abstract, authors, background, overall_assessment_description, ke_essentiality, woe_evidence, quantitative_considerations, potential_applications, development_strategy, known_modulating_factors",
188,Iodotyrosine deiodinase (IYD) inhibition leading to altered amphibian metamorphosis,,BY-SA,1.0,52.94,9,17,5,5,0,"background, overall_assessment_description, overall_assessment_applicability, ke_essentiality, woe_evidence, quantitative_considerations, potential_applications, development_strategy, known_modulating_factors",stressors
189,Type I iodothyronine deiodinase (DIO1) inhibition leading to altered amphibian metamorphosis,,BY-SA,1.0,52.94,9,17,4,2,0,"background, overall_assessment_description, overall_assessment_applicability, ke_essentiality, woe_evidence, quantitative_considerations, potential_applications, development_strategy, known_modulating_factors",stressors
190,Type II iodothyronine deiodinase (DIO2) inhibition leading to altered amphibian metamorphosis,,BY-SA,1.0,52.94,9,17,6,6,0,"background, overall_assessment_description, overall_assessment_applicability, ke_essentiality, woe_evidence, quantitative_considerations, potential_applications, development_strategy, known_modulating_factors",stressors
191,Type III iodotyrosine deiodinase (DIO3) inhibition leading to altered amphibian metamorphosis,,BY-SA,1.0,52.94,9,17,4,3,0,"background, overall_assessment_description, overall_assessment_applicability, ke_essentiality, woe_evidence, quantitative_considerations, potential_applications, development_strategy, known_modulating_factors",stressors
209,Perturbation of cholesterol and glutathione homeostasis leading to hepatotoxicity: Integrated multi-OMICS approach for building AOP ,,All rights reserved,1.0,52.94,9,17,8,8,1,"background, overall_assessment_description, overall_assessment_applicability, ke_essentiality, woe_evidence, quantitative_considerations, potential_applications, development_strategy, known_modulating_factors",taxonomy_applicability
216,Deposition of energy leading to population decline via DNA strand breaks and follicular atresia,,BY-SA,1.0,52.94,9,17,6,5,2,"abstract, background, overall_assessment_description, overall_assessment_applicability, ke_essentiality, woe_evidence, quantitative_considerations, potential_applications, development_strategy, known_modulating_factors",
238,Deposition of energy leading to population decline via DNA strand breaks and oocyte apoptosis,,BY-SA,1.0,52.94,9,17,6,5,2,"abstract, background, overall_assessment_description, overall_assessment_applicability, ke_essentiality, woe_evidence, quantitative_considerations, potential_applications, development_strategy, known_modulating_factors",
260,CYP2E1 activation and formation of protein adducts leading to neurodegeneration,,BY-SA,2.0,52.94,9,17,7,8,11,"authors, background, overall_assessment_description, overall_assessment_applicability, woe_evidence, potential_applications, development_strategy, known_modulating_factors","sex_applicability, life_stage_applicability"
265,Uncoupling of oxidative phosphorylation leading to growth inhibition via increased cytosolic calcium,Under Development,BY-SA,2.0,52.94,9,17,4,3,0,"overall_assessment_description, overall_assessment_applicability, ke_essentiality, woe_evidence, quantitative_considerations, potential_applications, development_strategy","stressors, taxonomy_applicability"
290,Mitochondrial ATP synthase antagonism leading to growth inhibition (1),,BY-SA,2.0,52.94,9,17,4,3,8,"abstract, background, overall_assessment_description, overall_assessment_applicability, ke_essentiality, woe_evidence, quantitative_considerations, potential_applications, development_strategy, known_modulating_factors",
291,Mitochondrial ATP synthase antagonism leading to growth inhibition (2),,BY-SA,2.0,52.94,9,17,4,3,8,"abstract, background, overall_assessment_description, overall_assessment_applicability, ke_essentiality, woe_evidence, quantitative_considerations, potential_applications, development_strategy, known_modulating_factors",
310,"Embryonic Activation of the AHR leading to Reproductive failure, via epigenetic down-regulation of GnRHR",,BY-SA,2.0,52.94,9,17,12,12,1,"abstract, background, overall_assessment_description, overall_assessment_applicability, ke_essentiality, woe_evidence, quantitative_considerations, potential_applications, development_strategy",
311,Deposition of energy leading to population decline via DNA oxidation and oocyte apoptosis,,BY-SA,2.0,52.94,9,17,7,6,1,"abstract, background, overall_assessment_description, overall_assessment_applicability, ke_essentiality, woe_evidence, quantitative_considerations, potential_applications, development_strategy, known_modulating_factors",
321,Reduced environmental pH leading to thinner shells in Mytilus edulis,,BY-SA,2.0,52.94,9,17,0,0,0,"overall_assessment_description, quantitative_considerations, development_strategy, known_modulating_factors","event_ids, kers, stressors, sex_applicability, life_stage_applicability, taxonomy_applicability"
327,Excessive reactive oxygen species production leading to mortality (1),,BY-SA,2.0,52.94,9,17,5,4,1,"abstract, background, overall_assessment_description, overall_assessment_applicability, ke_essentiality, woe_evidence, quantitative_considerations, potential_applications, development_strategy, known_modulating_factors",
328,Excessive reactive oxygen species production leading to mortality (2),,BY-SA,2.0,52.94,9,17,5,4,1,"abstract, background, overall_assessment_description, overall_assessment_applicability, ke_essentiality, woe_evidence, quantitative_considerations, potential_applications, development_strategy, known_modulating_factors",
329,Excessive reactive oxygen species production leading to mortality (3),,BY-SA,2.0,52.94,9,17,5,4,1,"abstract, background, overall_assessment_description, overall_assessment_applicability, ke_essentiality, woe_evidence, quantitative_considerations, potential_applications, development_strategy, known_modulating_factors",
330,Excessive reactive oxygen species production leading to mortality (4),,BY-SA,2.0,52.94,9,17,5,4,2,"abstract, background, overall_assessment_description, overall_assessment_applicability, ke_essentiality, woe_evidence, quantitative_considerations, potential_applications, development_strategy, known_modulating_factors",
331,Excessive reactive oxygen species leading to growth inhibition via lipid peroxidation and cell death,,BY-SA,2.0,52.94,9,17,7,6,1,"abstract, background, overall_assessment_description, overall_assessment_applicability, ke_essentiality, woe_evidence, quantitative_considerations, potential_applications, development_strategy",
335,AOP for urothelial carcinogenesis due to chemical cytotoxicity by mitochondrial impairment ,,BY-SA,2.0,52.94,9,17,5,4,3,"background, overall_assessment_description, overall_assessment_applicability, ke_essentiality, woe_evidence, quantitative_considerations, potential_applications, development_strategy, known_modulating_factors",life_stage_applicability
336,DNA methyltransferase inhibition leading to population decline (1),,BY-SA,2.0,52.94,9,17,7,6,1,"abstract, background, overall_assessment_description, overall_assessment_applicability, ke_essentiality, woe_evidence, quantitative_considerations, potential_applications, development_strategy, known_modulating_factors",
337,DNA methyltransferase inhibition leading to population decline (2),,BY-SA,2.0,52.94,9,17,8,7,1,"abstract, background, overall_assessment_description, overall_assessment_applicability, ke_essentiality, woe_evidence, quantitative_considerations, potential_applications, development_strategy, known_modulating_factors",
341,DNA methyltransferase inhibition leading to transgenerational effects (2),,BY-SA,2.0,52.94,9,17,9,8,1,"abstract, background, overall_assessment_description, overall_assessment_applicability, ke_essentiality, woe_evidence, quantitative_considerations, potential_applications, development_strategy, known_modulating_factors",
362,Immune mediated hepatitis,,BY-SA,2.0,52.94,9,17,8,9,0,"background, overall_assessment_description, overall_assessment_applicability, woe_evidence, quantitative_considerations, development_strategy, known_modulating_factors","stressors, sex_applicability, life_stage_applicability"
392,Decreased fibrinolysis and activated bradykinin system leading to hyperinflammation,Under Development,BY-SA,2.0,52.94,9,17,5,7,5,"overall_assessment_description, overall_assessment_applicability, ke_essentiality, woe_evidence, quantitative_considerations, potential_applications, development_strategy, known_modulating_factors","sex_applicability, life_stage_applicability"
397,Bulky DNA adducts leading to mutations,Under Development,BY-SA,2.0,52.94,9,17,3,3,3,"background, overall_assessment_description, overall_assessment_applicability, ke_essentiality, woe_evidence, quantitative_considerations, potential_applications, development_strategy, known_modulating_factors",taxonomy_applicability
451,Interaction with lung resident cell membrane components leads to lung cancer,,BY-SA,2.0,52.94,9,17,9,11,6,"overall_assessment_description, overall_assessment_applicability, ke_essentiality, woe_evidence, quantitative_considerations, potential_applications, development_strategy, known_modulating_factors","sex_applicability, life_stage_applicability"
540,Oxidative Stress in the Fish Ovary Leads to Reproductive Impairment via Reduced Vitellogenin Production,,All rights reserved,2.7,52.63,10,19,9,8,0,"overall_assessment_description, overall_assessment_applicability, ke_essentiality, woe_evidence, quantitative_considerations, potential_applications","stressors, life_stage_applicability, taxonomy_applicability"
561,Aromatase induction leading to estrogen receptor alpha activation via increased estradiol,,All rights reserved,2.7,52.63,10,19,5,5,14,"abstract, background, overall_assessment_description, overall_assessment_applicability, ke_essentiality, woe_evidence, quantitative_considerations, potential_applications, development_strategy",
580,Mineralocorticoid Receptor Activation Leading to Increased Body Mass Index,,All rights reserved,2.7,52.63,10,19,8,10,0,"overall_assessment_applicability, ke_essentiality, woe_evidence, quantitative_considerations, development_strategy","stressors, sex_applicability, life_stage_applicability, taxonomy_applicability"
485,Thyroid hormone antagonism leading to impaired oligodendrocyte maturation during development and subsequent decreased cognition,,BY-SA,2.5,47.37,9,19,7,0,2,"abstract, overall_assessment_description, overall_assessment_applicability, ke_essentiality, woe_evidence, quantitative_considerations, potential_applications, development_strategy","kers, sex_applicability"
486,Binding to the extracellular protein laminin leading to decreased cognitive function,,BY-SA,2.5,47.37,9,19,7,0,2,"abstract, overall_assessment_description, overall_assessment_applicability, ke_essentiality, woe_evidence, quantitative_considerations, potential_applications, development_strategy","kers, sex_applicability"
493,ERa inactivation alters AT expansion and functions and leads to insulin resistance and metabolically unhealthy obesity,,All rights reserved,2.5,47.37,9,19,10,12,0,"background, overall_assessment_description, overall_assessment_applicability, ke_essentiality, woe_evidence, quantitative_considerations, potential_applications, development_strategy","stressors, life_stage_applicability"
498,Increased LCN2/iron complex leading to neurological disorders,,Open for adoption,2.6,47.37,9,19,4,3,0,"background, overall_assessment_description, overall_assessment_applicability, ke_essentiality, woe_evidence, quantitative_considerations, potential_applications, development_strategy","stressors, sex_applicability"
537,Estrogen receptor agonism leads to reduced fecundity via increased vitellogenin in the liver,,BY-SA,2.7,47.37,9,19,5,4,0,"background, overall_assessment_description, ke_essentiality, woe_evidence, quantitative_considerations, potential_applications","stressors, sex_applicability, life_stage_applicability, taxonomy_applicability"
569,Decreased DNA methylation of FAM50B/PTCHD3 leading to IQ loss of children via PI3K-Akt pathway,,All rights reserved,2.7,47.37,9,19,6,6,0,"overall_assessment_description, overall_assessment_applicability, ke_essentiality, woe_evidence, quantitative_considerations, potential_applications","stressors, sex_applicability, life_stage_applicability, taxonomy_applicability"
590,Increase of intracellular copper leading to cuproptosis via interference with energy metabolism ,,BY-SA,2.7,47.37,9,19,8,12,3,"abstract, background, overall_assessment_description, overall_assessment_applicability, ke_essentiality, woe_evidence, quantitative_considerations, potential_applications, development_strategy",life_stage_applicability
1,Uncharacterized liver damage leading to hepatocellular carcinoma,,BY-SA,1.0,47.06,8,17,4,3,0,"background, overall_assessment_applicability, ke_essentiality, woe_evidence, quantitative_considerations, potential_applications, development_strategy, known_modulating_factors","stressors, sex_applicability, life_stage_applicability"
31,Oxidation of iron in hemoglobin leading to hematotoxicity,Under Development,Open for adoption,1.0,47.06,8,17,10,12,0,"background, overall_assessment_applicability, ke_essentiality, woe_evidence, quantitative_considerations, potential_applications, development_strategy, known_modulating_factors","stressors, sex_applicability, life_stage_applicability"
51,PPARα activation leading to impaired fertility in adult male rodents ,Under Development,BY-SA,1.0,47.06,8,17,8,6,0,"abstract, background, overall_assessment_description, overall_assessment_applicability, ke_essentiality, woe_evidence, quantitative_considerations, potential_applications, development_strategy, known_modulating_factors",stressors
63,Cyclooxygenase inhibition leading to reproductive dysfunction,,BY-SA,1.0,47.06,8,17,5,4,0,"abstract, background, overall_assessment_description, overall_assessment_applicability, ke_essentiality, woe_evidence, quantitative_considerations, potential_applications, development_strategy, known_modulating_factors",stressors
65,XX Inhibition of Sodium Iodide Symporter and Subsequent Adverse Neurodevelopmental Outcomes in Mammals,,BY-SA,1.0,47.06,8,17,7,6,0,"abstract, background, overall_assessment_description, overall_assessment_applicability, ke_essentiality, woe_evidence, quantitative_considerations, potential_applications, development_strategy, known_modulating_factors",stressors
96,Axonal sodium channel modulation leading to acute mortality,,BY-SA,1.0,47.06,8,17,6,5,0,"background, overall_assessment_description, overall_assessment_applicability, ke_essentiality, woe_evidence, quantitative_considerations, potential_applications, development_strategy, known_modulating_factors","stressors, sex_applicability"
100,Cyclooxygenase inhibition leading to reproductive dysfunction via inhibition of female spawning behavior,,BY-SA,1.0,47.06,8,17,7,6,0,"abstract, background, overall_assessment_description, overall_assessment_applicability, ke_essentiality, woe_evidence, quantitative_considerations, potential_applications, development_strategy, known_modulating_factors",stressors
101,Cyclooxygenase inhibition leading to reproductive dysfunction via inhibition of pheromone release,,BY-SA,1.0,47.06,8,17,7,6,0,"abstract, background, overall_assessment_description, overall_assessment_applicability, ke_essentiality, woe_evidence, quantitative_considerations, potential_applications, development_strategy, known_modulating_factors",stressors
102,Cyclooxygenase inhibition leading to reproductive dysfunction via interference with meiotic prophase I /metaphase I transition,,BY-SA,1.0,47.06,8,17,10,9,0,"abstract, background, overall_assessment_description, overall_assessment_applicability, ke_essentiality, woe_evidence, quantitative_considerations, potential_applications, development_strategy, known_modulating_factors",stressors
103,Cyclooxygenase inhibition leading to reproductive dysfunction via interference with spindle assembly checkpoint,,BY-SA,1.0,47.06,8,17,10,9,0,"abstract, background, overall_assessment_description, overall_assessment_applicability, ke_essentiality, woe_evidence, quantitative_considerations, potential_applications, development_strategy, known_modulating_factors",stressors
108,Inhibition of pyruvate dehydrogenase kinase leading to hepatocellular adenomas and carcinomas (in mouse and rat),,BY-SA,1.0,47.06,8,17,6,5,0,"background, overall_assessment_description, overall_assessment_applicability, ke_essentiality, woe_evidence, quantitative_considerations, potential_applications, development_strategy, known_modulating_factors","stressors, life_stage_applicability"
109,Cytotoxicity leading to bronchioloalveolar adenomas and carcinomas (in mouse),,BY-SA,1.0,47.06,8,17,5,4,0,"background, overall_assessment_description, overall_assessment_applicability, ke_essentiality, woe_evidence, quantitative_considerations, potential_applications, development_strategy, known_modulating_factors","stressors, life_stage_applicability"
110,Inhibition of iodide pump activity leading to follicular cell adenomas and carcinomas (in rat and mouse),,BY-SA,1.0,47.06,8,17,7,6,0,"background, overall_assessment_description, overall_assessment_applicability, ke_essentiality, woe_evidence, quantitative_considerations, potential_applications, development_strategy, known_modulating_factors","stressors, life_stage_applicability"
111,Decrease in androgen receptor activity leading to Leydig cell tumors (in rat),,BY-SA,1.0,47.06,8,17,5,4,0,"background, overall_assessment_description, overall_assessment_applicability, ke_essentiality, woe_evidence, quantitative_considerations, potential_applications, development_strategy, known_modulating_factors","stressors, life_stage_applicability"
112,Increased dopaminergic activity leading to endometrial adenocarcinomas (in Wistar rat),,BY-SA,1.0,47.06,8,17,6,5,0,"background, overall_assessment_description, overall_assessment_applicability, ke_essentiality, woe_evidence, quantitative_considerations, potential_applications, development_strategy, known_modulating_factors","stressors, life_stage_applicability"
114,HPPD inhibition leading to corneal papillomas and carcinomas (in rat),,BY-SA,1.0,47.06,8,17,6,5,0,"background, overall_assessment_description, overall_assessment_applicability, ke_essentiality, woe_evidence, quantitative_considerations, potential_applications, development_strategy, known_modulating_factors","stressors, life_stage_applicability"
115,Epithelial cytotoxicity leading to forestomach tumors (in mouse and rat),,BY-SA,1.0,47.06,8,17,5,4,0,"background, overall_assessment_description, overall_assessment_applicability, ke_essentiality, woe_evidence, quantitative_considerations, potential_applications, development_strategy, known_modulating_factors","stressors, life_stage_applicability"
116,Cytotoxicity leading to renal tubular adenomas and carcinomas (in male rat) ,,BY-SA,1.0,47.06,8,17,4,3,0,"background, overall_assessment_description, overall_assessment_applicability, ke_essentiality, woe_evidence, quantitative_considerations, potential_applications, development_strategy, known_modulating_factors","stressors, life_stage_applicability"
117,Androgen receptor activation leading to hepatocellular adenomas and carcinomas (in mouse and rat),Under Development,Open for adoption,1.0,47.06,8,17,4,3,0,"background, overall_assessment_description, overall_assessment_applicability, ke_essentiality, woe_evidence, quantitative_considerations, potential_applications, development_strategy, known_modulating_factors","stressors, life_stage_applicability"
118,Chronic cytotoxicity leading to hepatocellular adenomas and carcinomas (in mouse and rat),,BY-SA,1.0,47.06,8,17,4,3,0,"background, overall_assessment_description, overall_assessment_applicability, ke_essentiality, woe_evidence, quantitative_considerations, potential_applications, development_strategy, known_modulating_factors","stressors, life_stage_applicability"
119,Inhibition of thyroid peroxidase leading to follicular cell adenomas and carcinomas (in rat and mouse),,BY-SA,1.0,47.06,8,17,7,6,0,"background, overall_assessment_description, overall_assessment_applicability, ke_essentiality, woe_evidence, quantitative_considerations, potential_applications, development_strategy, known_modulating_factors","stressors, life_stage_applicability"
120,Inhibition of 5α-reductase leading to Leydig cell tumors (in rat),,BY-SA,1.0,47.06,8,17,5,4,0,"background, overall_assessment_description, overall_assessment_applicability, ke_essentiality, woe_evidence, quantitative_considerations, potential_applications, development_strategy, known_modulating_factors","stressors, life_stage_applicability"
121,Urinary bladder calculi leading to urothelial papillomas and carcinomas (in mouse and rat),,BY-SA,1.0,47.06,8,17,5,4,0,"background, overall_assessment_description, overall_assessment_applicability, ke_essentiality, woe_evidence, quantitative_considerations, potential_applications, development_strategy, known_modulating_factors","stressors, life_stage_applicability"
122,Prolyl hydroxylase inhibition leading to reproductive dysfunction via increased HIF1 heterodimer formation,,BY-SA,1.0,47.06,8,17,10,9,0,"abstract, background, overall_assessment_description, overall_assessment_applicability, ke_essentiality, woe_evidence, quantitative_considerations, potential_applications, development_strategy, known_modulating_factors",stressors
123,Unknown MIE leading to reproductive dysfunction via increased HIF-1alpha transcription,,BY-SA,1.0,47.06,8,17,11,10,0,"abstract, background, overall_assessment_description, overall_assessment_applicability, ke_essentiality, woe_evidence, quantitative_considerations, potential_applications, development_strategy, known_modulating_factors",stressors
138,Organic anion transporter (OAT1) inhibition leading to renal failure and mortality,,BY-SA,1.0,47.06,8,17,9,9,0,"abstract, background, overall_assessment_description, overall_assessment_applicability, ke_essentiality, woe_evidence, quantitative_considerations, potential_applications, development_strategy, known_modulating_factors",stressors
139,Alkylation of DNA leading to cancer 1,,Open for adoption,1.0,47.06,8,17,4,5,0,"abstract, background, overall_assessment_description, overall_assessment_applicability, ke_essentiality, woe_evidence, quantitative_considerations, potential_applications, development_strategy, known_modulating_factors",stressors
151,AhR activation leading to preeclampsia,Under Development,All rights reserved,1.0,47.06,8,17,7,6,0,"abstract, background, overall_assessment_description, overall_assessment_applicability, ke_essentiality, woe_evidence, quantitative_considerations, potential_applications, development_strategy, known_modulating_factors",stressors
162,Enhanced hepatic clearance of thyroid hormones leading to thyroid follicular cell adenomas and carcinomas in the rat and mouse,,BY-SA,1.0,47.06,8,17,7,6,3,"background, overall_assessment_description, overall_assessment_applicability, ke_essentiality, woe_evidence, quantitative_considerations, potential_applications, development_strategy, known_modulating_factors","sex_applicability, life_stage_applicability"
163,"PPARgamma activation leading to sarcomas in rats, mice, and hamsters",,BY-SA,1.0,47.06,8,17,8,8,1,"background, overall_assessment_description, overall_assessment_applicability, ke_essentiality, woe_evidence, quantitative_considerations, potential_applications, development_strategy, known_modulating_factors","sex_applicability, life_stage_applicability"
164,Beta-2 adrenergic agonist activity leading to mesovarian leiomyomas in the rat and mouse,,BY-SA,1.0,47.06,8,17,6,5,0,"background, overall_assessment_description, overall_assessment_applicability, ke_essentiality, woe_evidence, quantitative_considerations, potential_applications, development_strategy, known_modulating_factors","stressors, life_stage_applicability"
166,PPARalpha activation leading to pancreatic acinar tumors in the rat and mouse,,BY-SA,1.0,47.06,8,17,7,7,1,"background, overall_assessment_description, overall_assessment_applicability, ke_essentiality, woe_evidence, quantitative_considerations, potential_applications, development_strategy, known_modulating_factors","sex_applicability, life_stage_applicability"
192,Pendrin inhibition leading to altered amphibian metamorphosis,,BY-SA,1.0,47.06,8,17,4,3,0,"abstract, background, overall_assessment_description, overall_assessment_applicability, ke_essentiality, woe_evidence, quantitative_considerations, potential_applications, development_strategy, known_modulating_factors",stressors
193,Dual oxidase (DUOX) inhibition leading to altered amphibian metamorphosis,,BY-SA,1.0,47.06,8,17,4,3,0,"abstract, background, overall_assessment_description, overall_assessment_applicability, ke_essentiality, woe_evidence, quantitative_considerations, potential_applications, development_strategy, known_modulating_factors",stressors
194,Hepatic nuclear receptor activation leading to altered amphibian metamorphosis,,BY-SA,1.0,47.06,8,17,6,7,0,"abstract, background, overall_assessment_description, overall_assessment_applicability, ke_essentiality, woe_evidence, quantitative_considerations, potential_applications, development_strategy, known_modulating_factors",stressors
286,Mitochondrial complex III antagonism leading to growth inhibition (1),,BY-SA,2.0,47.06,8,17,4,3,1,"abstract, background, overall_assessment_description, overall_assessment_applicability, ke_essentiality, woe_evidence, quantitative_considerations, potential_applications, development_strategy, known_modulating_factors",sex_applicability
302,Lung surfactant function inhibition leading to decreased lung function,Under Development,BY-SA,2.0,47.06,8,17,5,9,0,"authors, background, overall_assessment_description, overall_assessment_applicability, ke_essentiality, woe_evidence, quantitative_considerations, potential_applications, development_strategy, known_modulating_factors",stressors
449,Ceramide synthase inhibition leading to neural tube defects ,,BY-SA,2.0,47.06,8,17,7,7,1,"background, overall_assessment_description, overall_assessment_applicability, woe_evidence, quantitative_considerations, potential_applications, development_strategy, known_modulating_factors","sex_applicability, life_stage_applicability, taxonomy_applicability"
465,Alcohol dehydrogenase leading to reproductive dysfunction,,BY-SA,2.5,42.11,8,19,8,8,0,"background, overall_assessment_description, overall_assessment_applicability, ke_essentiality, woe_evidence, quantitative_considerations, potential_applications","stressors, sex_applicability, life_stage_applicability, taxonomy_applicability"
466,Doda decarboxylase leading to mortality,,BY-SA,2.5,42.11,8,19,9,9,0,"background, overall_assessment_description, overall_assessment_applicability, ke_essentiality, woe_evidence, quantitative_considerations, potential_applications","stressors, sex_applicability, life_stage_applicability, taxonomy_applicability"
467,Knickkopf leading to mortality,,BY-SA,2.5,42.11,8,19,9,9,0,"background, overall_assessment_description, overall_assessment_applicability, ke_essentiality, woe_evidence, quantitative_considerations, potential_applications","stressors, sex_applicability, life_stage_applicability, taxonomy_applicability"
468,Binding of SARS-CoV-2 to ACE2 leads to hyperinflammation (via cell death),,BY-SA,2.5,42.11,8,19,8,8,0,"overall_assessment_description, overall_assessment_applicability, ke_essentiality, woe_evidence, quantitative_considerations, potential_applications, development_strategy","stressors, sex_applicability, life_stage_applicability, taxonomy_applicability"
481,AOPs of amorphous silica nanoparticles: ROS-mediated oxidative stress increased respiratory dysfunction and diseases.,,BY-SA,2.5,42.11,8,19,12,2,1,"abstract, background, overall_assessment_description, overall_assessment_applicability, ke_essentiality, woe_evidence, quantitative_considerations, potential_applications, development_strategy","sex_applicability, taxonomy_applicability"
487,Unknown MIE altering cholesterol metabolism leading to decreased cognition,,BY-SA,2.5,42.11,8,19,6,0,2,"abstract, background, overall_assessment_description, overall_assessment_applicability, ke_essentiality, woe_evidence, quantitative_considerations, potential_applications, development_strategy","kers, sex_applicability"
488,Increased reactive oxygen species production leading to decreased cognitive function,,BY-SA,2.5,42.11,8,19,7,0,1,"abstract, background, overall_assessment_description, overall_assessment_applicability, ke_essentiality, woe_evidence, quantitative_considerations, potential_applications, development_strategy","kers, sex_applicability"
489,Inhibition of voltage-gated sodium channels leading to decreased cognition,,BY-SA,2.5,42.11,8,19,6,0,1,"abstract, background, overall_assessment_description, overall_assessment_applicability, ke_essentiality, woe_evidence, quantitative_considerations, potential_applications, development_strategy","kers, sex_applicability"
506,Binding of Influenza A Virus (IAV) to Sialic Acid Glycan Receptor leads to viral infection proliferation,,All rights reserved,2.6,42.11,8,19,6,5,1,"abstract, authors, overall_assessment_description, overall_assessment_applicability, ke_essentiality, woe_evidence, quantitative_considerations, potential_applications","sex_applicability, life_stage_applicability, taxonomy_applicability"
567,"Binding of plastoquinone B leading to decrease, population growth rate via decrease, photosystem II efficiency",,BY-SA,2.7,42.11,8,19,6,5,0,"authors, background, overall_assessment_applicability, woe_evidence, quantitative_considerations, potential_applications, development_strategy","stressors, sex_applicability, life_stage_applicability, taxonomy_applicability"
604,Binding of Alpha 1-Adrenergics to Antagonists Leading to Depression,,All rights reserved,2.7,42.11,8,19,5,1,0,"abstract, authors, background, overall_assessment_description, overall_assessment_applicability, ke_essentiality, woe_evidence, quantitative_considerations, potential_applications, development_strategy",stressors
619,Androgen receptor antagonism leads to delayed preputial seperation via reduced fibroblast growth factor in genital-tubercle tissues,,BY-SA,2.7,42.11,8,19,5,4,0,"abstract, overall_assessment_description, overall_assessment_applicability, ke_essentiality, woe_evidence, quantitative_considerations, potential_applications","stressors, sex_applicability, life_stage_applicability, taxonomy_applicability"
19,Androgen receptor antagonism leading to adverse effects in the male foetus (mammals),,Open for adoption,1.0,41.18,7,17,5,6,0,"authors, background, overall_assessment_description, overall_assessment_applicability, ke_essentiality, woe_evidence, quantitative_considerations, potential_applications, development_strategy, known_modulating_factors","stressors, taxonomy_applicability"
33,Kidney toxicity induced by activation of 5HT2C,,Open for adoption,1.0,41.18,7,17,3,2,0,"background, overall_assessment_applicability, ke_essentiality, woe_evidence, quantitative_considerations, potential_applications, development_strategy, known_modulating_factors","stressors, sex_applicability, life_stage_applicability, taxonomy_applicability"
34,LXR activation leading to hepatic steatosis,,BY-SA,1.0,41.18,7,17,12,14,0,"background, overall_assessment_applicability, ke_essentiality, woe_evidence, quantitative_considerations, potential_applications, development_strategy, known_modulating_factors","stressors, sex_applicability, life_stage_applicability, taxonomy_applicability"
64,Glucocorticoid Receptor (GR) Mediated Adult Leydig Cell Dysfunction Leading to Decreased Male Fertility,,BY-SA,1.0,41.18,7,17,7,7,0,"abstract, authors, background, overall_assessment_description, overall_assessment_applicability, ke_essentiality, woe_evidence, quantitative_considerations, potential_applications, development_strategy, known_modulating_factors",stressors
66,Modulation of Adult Leydig Cell Function Subsequent Glucocorticoid Activation in the Fetal Testis,,BY-SA,1.0,41.18,7,17,6,0,0,"abstract, background, overall_assessment_description, overall_assessment_applicability, ke_essentiality, woe_evidence, quantitative_considerations, potential_applications, development_strategy, known_modulating_factors","kers, stressors"
67,Modulation of Adult Leydig Cell Function Subsequent to Estradiaol Activation in the Fetal Testis,,BY-SA,1.0,41.18,7,17,6,0,0,"abstract, background, overall_assessment_description, overall_assessment_applicability, ke_essentiality, woe_evidence, quantitative_considerations, potential_applications, development_strategy, known_modulating_factors","kers, stressors"
68,Modulation of Adult Leydig Cell Function Subsequent to Alterations in the Fetal Testis Protome,,BY-SA,1.0,41.18,7,17,5,0,0,"abstract, background, overall_assessment_description, overall_assessment_applicability, ke_essentiality, woe_evidence, quantitative_considerations, potential_applications, development_strategy, known_modulating_factors","kers, stressors"
69,Modulation of Adult Leydig Cell Function Subsequent to Decreased Cholesterol Synthesis or Transport in the Adult Leydig Cell,,BY-SA,1.0,41.18,7,17,5,0,0,"abstract, background, overall_assessment_description, overall_assessment_applicability, ke_essentiality, woe_evidence, quantitative_considerations, potential_applications, development_strategy, known_modulating_factors","kers, stressors"
70,Modulation of Adult Leydig Cell Function Subsequent to Proteomic Alterations in the Adult Leydig Cell,,BY-SA,1.0,41.18,7,17,5,0,0,"abstract, background, overall_assessment_description, overall_assessment_applicability, ke_essentiality, woe_evidence, quantitative_considerations, potential_applications, development_strategy, known_modulating_factors","kers, stressors"
71,Modulation of Adult Leydig Cell Function Subsequent to Glucocorticoid Activation,,BY-SA,1.0,41.18,7,17,5,0,0,"abstract, background, overall_assessment_description, overall_assessment_applicability, ke_essentiality, woe_evidence, quantitative_considerations, potential_applications, development_strategy, known_modulating_factors","kers, stressors"
74,Modulation of Adult Leydig Cell Function Subsequent to Hypermethylation in the Fetal Testis,,BY-SA,1.0,41.18,7,17,5,0,0,"abstract, background, overall_assessment_description, overall_assessment_applicability, ke_essentiality, woe_evidence, quantitative_considerations, potential_applications, development_strategy, known_modulating_factors","kers, stressors"
98,5-hydroxytryptamine transporter (5-HTT; SERT) inhibition leading to decreased shelter seeking and increased predation,,BY-SA,1.0,41.18,7,17,5,4,0,"abstract, background, overall_assessment_applicability, ke_essentiality, woe_evidence, quantitative_considerations, potential_applications, development_strategy, known_modulating_factors","stressors, sex_applicability, life_stage_applicability"
104,Altered ion channel activity leading impaired heart function,,BY-SA,1.0,41.18,7,17,4,3,0,"abstract, background, overall_assessment_description, overall_assessment_applicability, ke_essentiality, woe_evidence, quantitative_considerations, potential_applications, development_strategy, known_modulating_factors","stressors, taxonomy_applicability"
128,Kidney dysfunction by decreased thyroid hormone,Under Development,BY-SA,1.0,41.18,7,17,11,24,0,"abstract, authors, background, overall_assessment_description, overall_assessment_applicability, ke_essentiality, woe_evidence, quantitative_considerations, potential_applications, development_strategy, known_modulating_factors",stressors
141,Alkylation of DNA leading to cancer 2,,BY-SA,1.0,41.18,7,17,4,2,0,"abstract, authors, background, overall_assessment_description, overall_assessment_applicability, ke_essentiality, woe_evidence, quantitative_considerations, potential_applications, development_strategy, known_modulating_factors",stressors
160,Ionotropic gamma-aminobutyric acid receptor activation mediated neurotransmission inhibition leading to mortality,,BY-SA,1.0,41.18,7,17,7,7,1,"abstract, background, overall_assessment_description, overall_assessment_applicability, ke_essentiality, woe_evidence, quantitative_considerations, potential_applications, development_strategy, known_modulating_factors","sex_applicability, life_stage_applicability"
161,Glutamate-gated chloride channel activation leading to neurotransmission inhibition associated mortality,,BY-SA,1.0,41.18,7,17,7,6,1,"abstract, background, overall_assessment_description, overall_assessment_applicability, ke_essentiality, woe_evidence, quantitative_considerations, potential_applications, development_strategy, known_modulating_factors","sex_applicability, life_stage_applicability"
171,Chronic cytotoxicity of the serous membrane leading to pleural/peritoneal mesotheliomas in the rat.,,BY-SA,1.0,41.18,7,17,6,6,0,"background, overall_assessment_description, overall_assessment_applicability, ke_essentiality, woe_evidence, quantitative_considerations, potential_applications, development_strategy, known_modulating_factors","stressors, sex_applicability, life_stage_applicability"
203,5-hydroxytryptamine transporter inhibition leading to decreased reproductive success and population decline,,BY-SA,1.0,41.18,7,17,8,12,4,"authors, background, overall_assessment_description, ke_essentiality, woe_evidence, quantitative_considerations, potential_applications, development_strategy, known_modulating_factors","sex_applicability, life_stage_applicability, taxonomy_applicability"
233,Mu Opioid Receptor Agonism leading to Analgesia via K Channel Opening,,BY-SA,1.0,41.18,7,17,5,4,0,"background, overall_assessment_applicability, ke_essentiality, woe_evidence, quantitative_considerations, potential_applications, development_strategy, known_modulating_factors","stressors, sex_applicability, life_stage_applicability, taxonomy_applicability"
234,Mu Opioid Receptor Agonism leading to Analgesia via Ca Channel Inhibition,,BY-SA,1.0,41.18,7,17,5,4,0,"background, overall_assessment_applicability, ke_essentiality, woe_evidence, quantitative_considerations, potential_applications, development_strategy, known_modulating_factors","stressors, sex_applicability, life_stage_applicability, taxonomy_applicability"
235,Serotonin 1A Receptor Agonism leading to Anti-depressant Activity via K Channel Opening,,BY-SA,1.0,41.18,7,17,5,4,0,"background, overall_assessment_applicability, ke_essentiality, woe_evidence, quantitative_considerations, potential_applications, development_strategy, known_modulating_factors","stressors, sex_applicability, life_stage_applicability, taxonomy_applicability"
236,Serotonin 1A Receptor Agonism leading to Anti-depressant Activity via Ca Channel Inhibition,,BY-SA,1.0,41.18,7,17,5,4,0,"background, overall_assessment_applicability, ke_essentiality, woe_evidence, quantitative_considerations, potential_applications, development_strategy, known_modulating_factors","stressors, sex_applicability, life_stage_applicability, taxonomy_applicability"
266,Uncoupling of oxidative phosphorylation leading to growth inhibition via decreased Na-K ATPase activity,Under Development,BY-SA,2.0,41.18,7,17,6,5,0,"overall_assessment_description, overall_assessment_applicability, ke_essentiality, woe_evidence, quantitative_considerations, potential_applications, development_strategy","stressors, sex_applicability, life_stage_applicability, taxonomy_applicability"
267,Uncoupling of oxidative phosphorylation leading to growth inhibition via glucose depletion,Under Development,BY-SA,2.0,41.18,7,17,5,4,0,"overall_assessment_description, overall_assessment_applicability, ke_essentiality, woe_evidence, quantitative_considerations, potential_applications, development_strategy","stressors, sex_applicability, life_stage_applicability, taxonomy_applicability"
268,Uncoupling of oxidative phosphorylation leading to growth inhibition via mitochondrial swelling,Under Development,BY-SA,2.0,41.18,7,17,4,3,0,"overall_assessment_description, overall_assessment_applicability, ke_essentiality, woe_evidence, quantitative_considerations, potential_applications, development_strategy","stressors, sex_applicability, life_stage_applicability, taxonomy_applicability"
274,Histone deacetylase inhibition leads to impeded craniofacial development,,BY-SA,2.0,41.18,7,17,4,4,6,"background, overall_assessment_description, overall_assessment_applicability, ke_essentiality, woe_evidence, quantitative_considerations, potential_applications, development_strategy, known_modulating_factors","sex_applicability, life_stage_applicability, taxonomy_applicability"
287,Mitochondrial complex III antagonism leading to growth inhibition (2),,BY-SA,2.0,41.18,7,17,4,0,1,"abstract, background, overall_assessment_description, overall_assessment_applicability, ke_essentiality, woe_evidence, quantitative_considerations, potential_applications, development_strategy, known_modulating_factors","kers, sex_applicability"
377,Dysregulated prolonged Toll Like Receptor 9 (TLR9) activation leading to Multi Organ Failure involving Acute Respiratory Distress Syndrome (ARDS),,BY-SA,2.0,41.18,7,17,30,7,6,"abstract, authors, background, overall_assessment_description, overall_assessment_applicability, ke_essentiality, woe_evidence, quantitative_considerations, potential_applications, development_strategy, known_modulating_factors",taxonomy_applicability
402,Thyroid peroxidase (TPO) inhibition leads to periventricular heterotopia formation in the developing rat brain,,BY-SA,2.0,41.18,7,17,8,0,0,"background, overall_assessment_description, overall_assessment_applicability, ke_essentiality, woe_evidence, potential_applications, development_strategy, known_modulating_factors","kers, stressors, life_stage_applicability, taxonomy_applicability"
409,Frustrated phagocytosis leads to malignant mesothelioma,,BY-SA,2.0,41.18,7,17,8,8,6,"background, overall_assessment_description, overall_assessment_applicability, ke_essentiality, woe_evidence, quantitative_considerations, potential_applications, development_strategy","sex_applicability, life_stage_applicability, taxonomy_applicability"
422,Binding of SARS-CoV-2 to ACE2 in enterocytes leads to intestinal barrier disruption,Under Development,BY-SA,2.0,41.18,7,17,5,4,1,"abstract, overall_assessment_description, overall_assessment_applicability, ke_essentiality, woe_evidence, quantitative_considerations, potential_applications, development_strategy","sex_applicability, life_stage_applicability, taxonomy_applicability"
423, Toxicological mechanisms of hepatocyte apoptosis through the PARP1 dependent cell death pathway ,,BY-SA,2.0,41.18,7,17,6,1,0,"overall_assessment_description, overall_assessment_applicability, ke_essentiality, woe_evidence, quantitative_considerations, potential_applications, known_modulating_factors","stressors, sex_applicability, life_stage_applicability, taxonomy_applicability"
428,Binding of S-protein to ACE2 in enterocytes induces ACE2 dysregulation leading to gut dysbiosis ,Under Development,BY-SA,2.0,41.18,7,17,3,2,0,"overall_assessment_description, overall_assessment_applicability, ke_essentiality, woe_evidence, quantitative_considerations, potential_applications, development_strategy","stressors, sex_applicability, life_stage_applicability, taxonomy_applicability"
432,Deposition of Energy by Ionizing Radiation leading to Acute Myeloid Leukemia,,All rights reserved,2.0,41.18,7,17,9,0,1,"abstract, background, overall_assessment_description, overall_assessment_applicability, ke_essentiality, woe_evidence, quantitative_considerations, potential_applications, development_strategy, known_modulating_factors","kers, life_stage_applicability"
447,"Kidney failure induced by inhibition of mitochondrial electron transfer chain through apoptosis, inflammation and oxidative stress pathways",,BY-SA,2.0,41.18,7,17,12,14,2,"background, overall_assessment_description, overall_assessment_applicability, ke_essentiality, woe_evidence, quantitative_considerations, potential_applications, development_strategy, known_modulating_factors","sex_applicability, life_stage_applicability, taxonomy_applicability"
472,DNA adduct formation leading to kidney failure,,BY-SA,2.5,36.84,7,19,0,0,0,"overall_assessment_description, overall_assessment_applicability, ke_essentiality, woe_evidence, quantitative_considerations, potential_applications","event_ids, kers, stressors, sex_applicability, life_stage_applicability, taxonomy_applicability"
497,ERa inactivation alters mitochondrial functions and insulin signalling in skeletal muscle and leads to insulin resistance and metabolic syndrome,,All rights reserved,2.6,36.84,7,19,8,9,0,"background, overall_assessment_description, overall_assessment_applicability, ke_essentiality, woe_evidence, quantitative_considerations, potential_applications, development_strategy","stressors, sex_applicability, life_stage_applicability, taxonomy_applicability"
538,Adverse outcome pathway of PFAS-induced vascular disrupting effects  via activating oxidative stress related pathways ,,All rights reserved,2.7,36.84,7,19,5,5,0,"background, overall_assessment_description, overall_assessment_applicability, ke_essentiality, woe_evidence, quantitative_considerations, potential_applications, development_strategy","stressors, sex_applicability, life_stage_applicability, taxonomy_applicability"
565,"17β-Hydroxysteroid dehydrogenase 2, inhibition leading to activation, estrogen receptor alpha",,All rights reserved,2.7,36.84,7,19,3,2,1,"abstract, background, overall_assessment_description, overall_assessment_applicability, ke_essentiality, woe_evidence, quantitative_considerations, potential_applications, development_strategy","sex_applicability, life_stage_applicability, taxonomy_applicability"
578,AhR activation leading to cancer progression via immunosuppression,,BY-SA,2.7,36.84,7,19,5,4,0,"background, overall_assessment_description, overall_assessment_applicability, ke_essentiality, woe_evidence, quantitative_considerations, potential_applications, development_strategy","stressors, sex_applicability, life_stage_applicability, taxonomy_applicability"
605,"Thyroid Peroxidase Inhibition Leading to Reduced, Swimming Performance via Hypomyelination",,BY-SA,2.7,36.84,7,19,9,0,0,"background, overall_assessment_description, overall_assessment_applicability, ke_essentiality, woe_evidence, quantitative_considerations, potential_applications, development_strategy","kers, stressors, sex_applicability, taxonomy_applicability"
26,Calcium-mediated neuronal ROS production and energy imbalance,,Open for adoption,1.0,35.29,6,17,8,7,0,"authors, background, overall_assessment_applicability, ke_essentiality, woe_evidence, quantitative_considerations, potential_applications, development_strategy, known_modulating_factors","stressors, sex_applicability, life_stage_applicability, taxonomy_applicability"
28,Cyclooxygenase inhibition leading reproductive failure,,BY-SA,1.0,35.29,6,17,6,5,0,"abstract, background, overall_assessment_applicability, ke_essentiality, woe_evidence, quantitative_considerations, potential_applications, development_strategy, known_modulating_factors","stressors, sex_applicability, life_stage_applicability, taxonomy_applicability"
36,Peroxisomal Fatty Acid Beta-Oxidation Inhibition Leading to Steatosis,,BY-SA,1.0,35.29,6,17,8,7,0,"abstract, background, overall_assessment_applicability, ke_essentiality, woe_evidence, quantitative_considerations, potential_applications, development_strategy, known_modulating_factors","stressors, sex_applicability, life_stage_applicability, taxonomy_applicability"
57,AhR activation leading to hepatic steatosis,,BY-SA,1.0,35.29,6,17,13,17,0,"abstract, background, overall_assessment_description, overall_assessment_applicability, ke_essentiality, woe_evidence, quantitative_considerations, potential_applications, development_strategy, known_modulating_factors","stressors, sex_applicability, life_stage_applicability"
58,NR1I3 (CAR) suppression leading to hepatic steatosis,,BY-SA,1.0,35.29,6,17,16,24,0,"abstract, background, overall_assessment_description, overall_assessment_applicability, ke_essentiality, woe_evidence, quantitative_considerations, potential_applications, development_strategy, known_modulating_factors","stressors, sex_applicability, life_stage_applicability"
72,Epigenetic modification of PPARG leading to adipogenesis,,BY-SA,1.0,35.29,6,17,10,14,1,"abstract, background, overall_assessment_description, overall_assessment_applicability, ke_essentiality, woe_evidence, quantitative_considerations, potential_applications, development_strategy, known_modulating_factors","sex_applicability, life_stage_applicability, taxonomy_applicability"
77,Nicotinic acetylcholine receptor activation contributes to abnormal foraging and leads to colony death/failure 1,,BY-SA,1.0,35.29,6,17,7,7,0,"abstract, background, overall_assessment_description, overall_assessment_applicability, ke_essentiality, woe_evidence, quantitative_considerations, potential_applications, development_strategy, known_modulating_factors","stressors, sex_applicability, life_stage_applicability"
78,Nicotinic acetylcholine receptor activation contributes to abnormal role change within the worker bee caste leading to colony death failure 1,,BY-SA,1.0,35.29,6,17,8,7,0,"abstract, background, overall_assessment_description, overall_assessment_applicability, ke_essentiality, woe_evidence, quantitative_considerations, potential_applications, development_strategy, known_modulating_factors","stressors, sex_applicability, life_stage_applicability"
80,Nicotinic acetylcholine receptor activation contributes to accumulation of damaged mitochondrial DNA and leads to colony loss/failure,,BY-SA,1.0,35.29,6,17,8,7,0,"abstract, background, overall_assessment_description, overall_assessment_applicability, ke_essentiality, woe_evidence, quantitative_considerations, potential_applications, development_strategy, known_modulating_factors","stressors, sex_applicability, life_stage_applicability"
81,Increased metabolic stress contributes to abnormal foraging and leads to colony loss/failure,,BY-SA,1.0,35.29,6,17,5,4,0,"abstract, background, overall_assessment_description, overall_assessment_applicability, ke_essentiality, woe_evidence, quantitative_considerations, potential_applications, development_strategy, known_modulating_factors","stressors, sex_applicability, life_stage_applicability"
82,Abnormal role change in worker caste contributes to reduced brood care and leads to colony loss/failure,,BY-SA,1.0,35.29,6,17,4,3,0,"abstract, background, overall_assessment_description, overall_assessment_applicability, ke_essentiality, woe_evidence, quantitative_considerations, potential_applications, development_strategy, known_modulating_factors","stressors, sex_applicability, life_stage_applicability"
84,Suppression of immune system contributes to impaired development and leads to colony loss/failure,,BY-SA,1.0,35.29,6,17,6,5,0,"abstract, background, overall_assessment_description, overall_assessment_applicability, ke_essentiality, woe_evidence, quantitative_considerations, potential_applications, development_strategy, known_modulating_factors","stressors, sex_applicability, life_stage_applicability"
85,Suppression of immune system contributes to abnormal foraging and leads to colony loss/failure,,BY-SA,1.0,35.29,6,17,5,4,0,"abstract, background, overall_assessment_description, overall_assessment_applicability, ke_essentiality, woe_evidence, quantitative_considerations, potential_applications, development_strategy, known_modulating_factors","stressors, sex_applicability, life_stage_applicability"
86,Decrease Glucose oxidase activity contributes to reduction of antiseptic in food and leads to colony loss/failure,,BY-SA,1.0,35.29,6,17,7,6,0,"abstract, background, overall_assessment_description, overall_assessment_applicability, ke_essentiality, woe_evidence, quantitative_considerations, potential_applications, development_strategy, known_modulating_factors","stressors, sex_applicability, life_stage_applicability"
87,Nicotinic acetylcholine receptor activation contributes to abnormal foraging and leads to colony loss/failure ,,BY-SA,1.0,35.29,6,17,8,8,0,"abstract, background, overall_assessment_description, overall_assessment_applicability, ke_essentiality, woe_evidence, quantitative_considerations, potential_applications, development_strategy, known_modulating_factors","stressors, sex_applicability, life_stage_applicability"
88,Nicotinic acetylcholine receptor activation contributes to abnormal foraging and leads to colony loss/failure via abnormal role change within caste,,BY-SA,1.0,35.29,6,17,7,7,0,"abstract, background, overall_assessment_description, overall_assessment_applicability, ke_essentiality, woe_evidence, quantitative_considerations, potential_applications, development_strategy, known_modulating_factors","stressors, sex_applicability, life_stage_applicability"
89,Nicotinic acetylcholine receptor activation followed by desensitization contributes to abnormal foraging and directly leads to colony loss/failure,,BY-SA,1.0,35.29,6,17,8,8,0,"abstract, background, overall_assessment_description, overall_assessment_applicability, ke_essentiality, woe_evidence, quantitative_considerations, potential_applications, development_strategy, known_modulating_factors","stressors, sex_applicability, life_stage_applicability"
90,Nicotinic acetylcholine receptor activation contributes to abnormal roll change within the worker bee caste leading to colony loss/failure 2,,BY-SA,1.0,35.29,6,17,8,7,0,"abstract, background, overall_assessment_description, overall_assessment_applicability, ke_essentiality, woe_evidence, quantitative_considerations, potential_applications, development_strategy, known_modulating_factors","stressors, sex_applicability, life_stage_applicability"
95,Ether-a-go-go (ERG) voltage-gated potassium channel inhibition leading to reduced survival,,BY-SA,1.0,35.29,6,17,6,6,0,"abstract, background, overall_assessment_applicability, ke_essentiality, woe_evidence, quantitative_considerations, potential_applications, development_strategy, known_modulating_factors","stressors, sex_applicability, life_stage_applicability, taxonomy_applicability"
99,Histamine (H2) receptor antagonism leading to reduced survival,,BY-SA,1.0,35.29,6,17,7,7,0,"abstract, background, overall_assessment_description, overall_assessment_applicability, ke_essentiality, woe_evidence, quantitative_considerations, potential_applications, development_strategy, known_modulating_factors","stressors, sex_applicability, life_stage_applicability"
186,unknown MIE leading to renal failure and mortality,,BY-SA,1.0,35.29,6,17,7,6,1,"abstract, background, overall_assessment_description, overall_assessment_applicability, ke_essentiality, woe_evidence, quantitative_considerations, potential_applications, development_strategy, known_modulating_factors","sex_applicability, life_stage_applicability, taxonomy_applicability"
223,Serotonin transporter activation to seizure,,Open for adoption,1.0,35.29,6,17,8,7,1,"abstract, authors, overall_assessment_description, overall_assessment_applicability, ke_essentiality, woe_evidence, quantitative_considerations, potential_applications, development_strategy, known_modulating_factors","sex_applicability, life_stage_applicability, taxonomy_applicability"
273,Mitochondrial complex inhibition leading to liver injury,,BY-SA,2.0,35.29,6,17,16,15,0,"background, overall_assessment_description, overall_assessment_applicability, ke_essentiality, woe_evidence, quantitative_considerations, potential_applications, development_strategy, known_modulating_factors","stressors, sex_applicability, life_stage_applicability, taxonomy_applicability"
275,Histone deacetylase inhibition leads to neural tube defects,,BY-SA,2.0,35.29,6,17,5,4,0,"background, overall_assessment_description, overall_assessment_applicability, ke_essentiality, woe_evidence, quantitative_considerations, potential_applications, development_strategy, known_modulating_factors","stressors, sex_applicability, life_stage_applicability, taxonomy_applicability"
276,Inhibition of complex I of the electron transport chain leading to chemical induced Fanconi syndrome,,BY-SA,2.0,35.29,6,17,6,5,0,"background, overall_assessment_description, overall_assessment_applicability, ke_essentiality, woe_evidence, quantitative_considerations, potential_applications, development_strategy, known_modulating_factors","stressors, sex_applicability, life_stage_applicability, taxonomy_applicability"
278,IKK complex inhibition leading to liver injury,,BY-SA,2.0,35.29,6,17,8,7,0,"background, overall_assessment_description, overall_assessment_applicability, ke_essentiality, woe_evidence, quantitative_considerations, potential_applications, development_strategy, known_modulating_factors","stressors, sex_applicability, life_stage_applicability, taxonomy_applicability"
279,Microtubule interacting drugs lead to peripheral neuropathy,,BY-SA,2.0,35.29,6,17,4,3,0,"background, overall_assessment_description, overall_assessment_applicability, ke_essentiality, woe_evidence, quantitative_considerations, potential_applications, development_strategy, known_modulating_factors","stressors, sex_applicability, life_stage_applicability, taxonomy_applicability"
280,α-diketone-induced bronchiolitis obliterans,,BY-SA,2.0,35.29,6,17,7,7,0,"background, overall_assessment_description, overall_assessment_applicability, ke_essentiality, woe_evidence, quantitative_considerations, potential_applications, development_strategy, known_modulating_factors","stressors, sex_applicability, life_stage_applicability, taxonomy_applicability"
285,Inhibition of N-linked glycosylation leads to liver injury,,BY-SA,2.0,35.29,6,17,7,6,0,"background, overall_assessment_description, overall_assessment_applicability, ke_essentiality, woe_evidence, quantitative_considerations, potential_applications, development_strategy, known_modulating_factors","stressors, sex_applicability, life_stage_applicability, taxonomy_applicability"
299,Deposition of energy leading to population decline via DNA oxidation and follicular atresia,,BY-SA,2.0,35.29,6,17,7,6,2,"abstract, background, overall_assessment_description, overall_assessment_applicability, ke_essentiality, woe_evidence, quantitative_considerations, potential_applications, development_strategy, known_modulating_factors","sex_applicability, life_stage_applicability, taxonomy_applicability"
338,DNA methyltransferase inhibition leading to population decline (3),,BY-SA,2.0,35.29,6,17,7,6,1,"abstract, background, overall_assessment_description, overall_assessment_applicability, ke_essentiality, woe_evidence, quantitative_considerations, potential_applications, development_strategy, known_modulating_factors","sex_applicability, life_stage_applicability, taxonomy_applicability"
340,DNA methyltransferase inhibition leading to transgenerational effects (1),,BY-SA,2.0,35.29,6,17,8,7,1,"abstract, background, overall_assessment_description, overall_assessment_applicability, ke_essentiality, woe_evidence, quantitative_considerations, potential_applications, development_strategy, known_modulating_factors","sex_applicability, life_stage_applicability, taxonomy_applicability"
347,Toll-like receptor 4 activation and peroxisome proliferator-activated receptor gamma inactivation leading to pulmonary fibrosis,,BY-SA,2.0,35.29,6,17,9,9,0,"abstract, background, overall_assessment_description, overall_assessment_applicability, ke_essentiality, woe_evidence, quantitative_considerations, potential_applications, development_strategy, known_modulating_factors","stressors, life_stage_applicability, taxonomy_applicability"
385,"Viral spike protein interaction with ACE2 leads to microvascular dysfunction, via ACE2 dysregulation",,BY-SA,2.0,35.29,6,17,5,3,0,"abstract, overall_assessment_description, overall_assessment_applicability, ke_essentiality, woe_evidence, quantitative_considerations, potential_applications, development_strategy","stressors, sex_applicability, life_stage_applicability, taxonomy_applicability"
394,SARS-CoV-2 infection of olfactory epithelium leading to impaired olfactory function (short-term anosmia),Under Development,BY-SA,2.0,35.29,6,17,7,8,0,"abstract, overall_assessment_description, overall_assessment_applicability, ke_essentiality, woe_evidence, quantitative_considerations, potential_applications, development_strategy, known_modulating_factors","stressors, sex_applicability, life_stage_applicability, taxonomy_applicability"
445,Estrogen Receptor Alpha Agonism leads to Impaired Reproduction,,BY-SA,2.0,35.29,6,17,8,9,0,"background, overall_assessment_description, overall_assessment_applicability, ke_essentiality, woe_evidence, quantitative_considerations, potential_applications, development_strategy, known_modulating_factors","stressors, sex_applicability, life_stage_applicability, taxonomy_applicability"
464,Calcium overload in dopaminergic neurons of the substantia nigra leading to parkinsonian motor deficits,,All rights reserved,2.5,31.58,6,19,19,25,0,"abstract, background, overall_assessment_description, overall_assessment_applicability, ke_essentiality, woe_evidence, quantitative_considerations, potential_applications, development_strategy","stressors, sex_applicability, life_stage_applicability, taxonomy_applicability"
520,Retinoic acid receptor agonism during neurodevelopment leading to impaired learning and memory,,Open for adoption,2.6,31.58,6,19,5,6,0,"abstract, authors, background, overall_assessment_description, overall_assessment_applicability, ke_essentiality, woe_evidence, quantitative_considerations, potential_applications, development_strategy, known_modulating_factors","stressors, sex_applicability"
530,Endocytotic lysosomal uptake leads to intestinal barrier disruption,,All rights reserved,2.6,31.58,6,19,5,4,0,"abstract, background, overall_assessment_description, overall_assessment_applicability, ke_essentiality, woe_evidence, quantitative_considerations, potential_applications, development_strategy","stressors, sex_applicability, life_stage_applicability, taxonomy_applicability"
549,Aromatase inhibition leads to reproductive toxicity (including growth and developmental toxicity) in adult female zebrafish,,BY-SA,2.7,31.58,6,19,8,7,0,"abstract, background, overall_assessment_description, overall_assessment_applicability, ke_essentiality, woe_evidence, quantitative_considerations, potential_applications, development_strategy","stressors, sex_applicability, life_stage_applicability, taxonomy_applicability"
572,BMP4 Suppression Disrupting Cytoskeletal Remodeling Leading to Neural Tube Closure Defects,,All rights reserved,2.7,31.58,6,19,0,0,0,"authors, overall_assessment_description, overall_assessment_applicability, ke_essentiality, woe_evidence, quantitative_considerations, potential_applications","event_ids, kers, stressors, sex_applicability, life_stage_applicability, taxonomy_applicability"
608,"Thyroid Hormone Excess Leading to Reduced, Swimming Performance via Hypomyelination",,All rights reserved,2.7,31.58,6,19,7,0,0,"background, overall_assessment_description, overall_assessment_applicability, ke_essentiality, woe_evidence, quantitative_considerations, potential_applications, development_strategy","kers, stressors, sex_applicability, life_stage_applicability, taxonomy_applicability"
610,"Decreased thyroid hormone levels in the brain regulated via transport, metabolism and TR activation leading to decreased cognition and motor function",,All rights reserved,2.7,31.58,6,19,16,19,0,"abstract, background, overall_assessment_description, overall_assessment_applicability, ke_essentiality, woe_evidence, quantitative_considerations, potential_applications, development_strategy","stressors, sex_applicability, life_stage_applicability, taxonomy_applicability"
616,organic UV filter and its Photoproducts reproductive toxicity pathways ,,All rights reserved,2.7,31.58,6,19,12,9,0,"abstract, authors, background, overall_assessment_description, overall_assessment_applicability, ke_essentiality, woe_evidence, quantitative_considerations, potential_applications, development_strategy, known_modulating_factors","stressors, sex_applicability"
618,PPARgamma activation leads to a diminished vaccine response,,BY-SA,2.7,31.58,6,19,7,8,0,"authors, background, overall_assessment_description, overall_assessment_applicability, ke_essentiality, woe_evidence, quantitative_considerations, potential_applications, development_strategy","stressors, sex_applicability, life_stage_applicability, taxonomy_applicability"
11,Percellome Toxicogenomics Approach for AOP Building: Case study on Pentachlorophenol,Under Development,BY-SA,1.0,29.41,5,17,1,0,0,"background, overall_assessment_description, overall_assessment_applicability, ke_essentiality, woe_evidence, quantitative_considerations, potential_applications, development_strategy, known_modulating_factors","kers, stressors, sex_applicability, life_stage_applicability, taxonomy_applicability"
14,Glucocorticoid Receptor Activation Leading to Increased Disease Susceptibility,,BY-SA,1.0,29.41,5,17,7,5,0,"abstract, background, overall_assessment_description, overall_assessment_applicability, ke_essentiality, woe_evidence, quantitative_considerations, potential_applications, development_strategy","stressors, sex_applicability, life_stage_applicability, taxonomy_applicability"
60,"NR1I2 (Pregnane X Receptor, PXR)  activation leading to hepatic steatosis",,BY-SA,1.0,29.41,5,17,12,15,0,"abstract, background, overall_assessment_description, overall_assessment_applicability, ke_essentiality, woe_evidence, quantitative_considerations, potential_applications, development_strategy, known_modulating_factors","stressors, sex_applicability, life_stage_applicability, taxonomy_applicability"
61,NFE2L2/FXR activation leading to hepatic steatosis,,BY-SA,1.0,29.41,5,17,13,9,0,"abstract, background, overall_assessment_description, overall_assessment_applicability, ke_essentiality, woe_evidence, quantitative_considerations, potential_applications, development_strategy, known_modulating_factors","stressors, sex_applicability, life_stage_applicability, taxonomy_applicability"
62,AKT2 activation leading to hepatic steatosis,,BY-SA,1.0,29.41,5,17,4,3,0,"abstract, background, overall_assessment_description, overall_assessment_applicability, ke_essentiality, woe_evidence, quantitative_considerations, potential_applications, development_strategy, known_modulating_factors","stressors, sex_applicability, life_stage_applicability, taxonomy_applicability"
79,Nicotinic acetylcholine receptor activation contributes to impaired hive thermoregulation and leads to colony loss/failure,,BY-SA,1.0,29.41,5,17,5,4,0,"abstract, background, overall_assessment_description, overall_assessment_applicability, ke_essentiality, woe_evidence, quantitative_considerations, potential_applications, development_strategy, known_modulating_factors","stressors, sex_applicability, life_stage_applicability, taxonomy_applicability"
93,sodium channel inhibition leading to increased predation,,BY-SA,1.0,29.41,5,17,4,3,0,"abstract, background, overall_assessment_description, overall_assessment_applicability, ke_essentiality, woe_evidence, quantitative_considerations, potential_applications, development_strategy, known_modulating_factors","stressors, sex_applicability, life_stage_applicability, taxonomy_applicability"
197,Sodium channel (Nav1.1) inhibition leading to population decline,,BY-SA,1.0,29.41,5,17,3,2,0,"abstract, background, overall_assessment_description, overall_assessment_applicability, ke_essentiality, woe_evidence, quantitative_considerations, potential_applications, development_strategy, known_modulating_factors","stressors, sex_applicability, life_stage_applicability, taxonomy_applicability"
204,5-hydroxytryptamine transporter inhibition leading to increased reproductive success and population increase,,BY-SA,1.0,29.41,5,17,8,12,0,"authors, background, overall_assessment_description, overall_assessment_applicability, ke_essentiality, woe_evidence, quantitative_considerations, potential_applications, development_strategy, known_modulating_factors","stressors, sex_applicability, life_stage_applicability, taxonomy_applicability"
214,Network of SSRIs (selective serotonin reuptake inhibitors),,Open for adoption,1.0,29.41,5,17,29,26,2,"abstract, authors, background, overall_assessment_description, overall_assessment_applicability, ke_essentiality, woe_evidence, quantitative_considerations, potential_applications, development_strategy, known_modulating_factors","sex_applicability, life_stage_applicability, taxonomy_applicability"
217,Gastric ulcer formation,,Open for adoption,1.0,29.41,5,17,19,17,2,"abstract, authors, background, overall_assessment_description, overall_assessment_applicability, ke_essentiality, woe_evidence, quantitative_considerations, potential_applications, development_strategy, known_modulating_factors","sex_applicability, life_stage_applicability, taxonomy_applicability"
221,Mental stress to depression,,Open for adoption,1.0,29.41,5,17,12,9,1,"abstract, authors, background, overall_assessment_description, overall_assessment_applicability, ke_essentiality, woe_evidence, quantitative_considerations, potential_applications, development_strategy, known_modulating_factors","sex_applicability, life_stage_applicability, taxonomy_applicability"
222,Mental stress to agitation,,Open for adoption,1.0,29.41,5,17,12,10,1,"abstract, authors, background, overall_assessment_description, overall_assessment_applicability, ke_essentiality, woe_evidence, quantitative_considerations, potential_applications, development_strategy, known_modulating_factors","sex_applicability, life_stage_applicability, taxonomy_applicability"
224,Serotonin transporter activation to depression,,Open for adoption,1.0,29.41,5,17,10,9,1,"abstract, authors, background, overall_assessment_description, overall_assessment_applicability, ke_essentiality, woe_evidence, quantitative_considerations, potential_applications, development_strategy, known_modulating_factors","sex_applicability, life_stage_applicability, taxonomy_applicability"
225,Serotonin transporter activation to agitation,,Open for adoption,1.0,29.41,5,17,10,9,1,"abstract, authors, background, overall_assessment_description, overall_assessment_applicability, ke_essentiality, woe_evidence, quantitative_considerations, potential_applications, development_strategy, known_modulating_factors","sex_applicability, life_stage_applicability, taxonomy_applicability"
226,SSRI (Selective serotonin reuptake inhibitor) to hypertension,,Open for adoption,1.0,29.41,5,17,14,13,1,"abstract, authors, background, overall_assessment_description, overall_assessment_applicability, ke_essentiality, woe_evidence, quantitative_considerations, potential_applications, development_strategy, known_modulating_factors","sex_applicability, life_stage_applicability, taxonomy_applicability"
227,NSAID induced PTGS1 inactivation to gastric ulcer,,Open for adoption,1.0,29.41,5,17,7,9,1,"abstract, authors, background, overall_assessment_description, overall_assessment_applicability, ke_essentiality, woe_evidence, quantitative_considerations, potential_applications, development_strategy, known_modulating_factors","sex_applicability, life_stage_applicability, taxonomy_applicability"
228,NSAID induced PTGS2 inactivation to gastric ulcer,,Open for adoption,1.0,29.41,5,17,5,5,1,"abstract, authors, background, overall_assessment_description, overall_assessment_applicability, ke_essentiality, woe_evidence, quantitative_considerations, potential_applications, development_strategy, known_modulating_factors","sex_applicability, life_stage_applicability, taxonomy_applicability"
229,Helicobacter pylori to gastric ulcer,,Open for adoption,1.0,29.41,5,17,6,5,1,"abstract, authors, background, overall_assessment_description, overall_assessment_applicability, ke_essentiality, woe_evidence, quantitative_considerations, potential_applications, development_strategy, known_modulating_factors","sex_applicability, life_stage_applicability, taxonomy_applicability"
232,NFE2/Nrf2 repression to steatosis,,Open for adoption,1.0,29.41,5,17,8,7,1,"abstract, authors, background, overall_assessment_description, overall_assessment_applicability, ke_essentiality, woe_evidence, quantitative_considerations, potential_applications, development_strategy, known_modulating_factors","sex_applicability, life_stage_applicability, taxonomy_applicability"
241,Latent Transforming Growth Factor beta1 activation leads to pulmonary fibrosis,,BY-SA,1.0,29.41,5,17,6,6,1,"abstract, authors, background, overall_assessment_description, overall_assessment_applicability, ke_essentiality, woe_evidence, quantitative_considerations, potential_applications, development_strategy, known_modulating_factors","sex_applicability, life_stage_applicability, taxonomy_applicability"
259,Sensitization induction of the intestinal tract by food proteins,,BY-SA,1.0,29.41,5,17,0,0,0,"overall_assessment_description, overall_assessment_applicability, ke_essentiality, woe_evidence, quantitative_considerations, potential_applications, development_strategy, known_modulating_factors","event_ids, kers, stressors, sex_applicability, life_stage_applicability, taxonomy_applicability"
284,Binding of electrophilic chemicals to SH(thiol)-group of proteins and /or to seleno-proteins involved in protection against oxidative stress leads to chronic kidney disease,,BY-SA,2.0,29.41,5,17,7,0,0,"background, overall_assessment_description, overall_assessment_applicability, ke_essentiality, woe_evidence, quantitative_considerations, potential_applications, development_strategy, known_modulating_factors","kers, stressors, sex_applicability, life_stage_applicability, taxonomy_applicability"
295,Early-life stromal estrogen receptor activation by endocrine disrupting chemicals in the mammary gland leading to enhanced cancer risk,Under Development,BY-SA,2.0,29.41,5,17,0,0,0,"overall_assessment_description, overall_assessment_applicability, ke_essentiality, woe_evidence, quantitative_considerations, potential_applications, development_strategy, known_modulating_factors","event_ids, kers, stressors, sex_applicability, life_stage_applicability, taxonomy_applicability"
312,Acetylcholinesterase Inhibition leading to Acute Mortality via Impaired Coordination & Movement​,,BY-SA,2.0,29.41,5,17,6,8,0,"abstract, background, overall_assessment_description, overall_assessment_applicability, ke_essentiality, woe_evidence, quantitative_considerations, potential_applications, development_strategy, known_modulating_factors","stressors, sex_applicability, life_stage_applicability, taxonomy_applicability"
332,Excessive reactive oxygen species leading to growth inhibition via lipid peroxidation and reduced cell growth,,BY-SA,2.0,29.41,5,17,7,6,0,"abstract, background, overall_assessment_description, overall_assessment_applicability, ke_essentiality, woe_evidence, quantitative_considerations, potential_applications, development_strategy","stressors, sex_applicability, life_stage_applicability, taxonomy_applicability"
333,Excessive reactive oxygen species leading to growth inhibition via lipid peroxidation and reduced cell proliferation,,BY-SA,2.0,29.41,5,17,7,6,0,"abstract, background, overall_assessment_description, overall_assessment_applicability, ke_essentiality, woe_evidence, quantitative_considerations, potential_applications, development_strategy","stressors, sex_applicability, life_stage_applicability, taxonomy_applicability"
339,DNA methyltransferase inhibition leading to population decline (4),,BY-SA,2.0,29.41,5,17,8,0,1,"abstract, background, overall_assessment_description, overall_assessment_applicability, ke_essentiality, woe_evidence, quantitative_considerations, potential_applications, development_strategy, known_modulating_factors","kers, sex_applicability, life_stage_applicability, taxonomy_applicability"
358,Chitinase inhibition leading to mortality,Under Development,All rights reserved,2.0,29.41,5,17,4,3,0,"abstract, background, overall_assessment_description, overall_assessment_applicability, ke_essentiality, woe_evidence, quantitative_considerations, potential_applications, development_strategy, known_modulating_factors","stressors, sex_applicability, life_stage_applicability, taxonomy_applicability"
359,Chitobiase inhibition leading to mortality,Under Development,All rights reserved,2.0,29.41,5,17,4,3,0,"abstract, background, overall_assessment_description, overall_assessment_applicability, ke_essentiality, woe_evidence, quantitative_considerations, potential_applications, development_strategy, known_modulating_factors","stressors, sex_applicability, life_stage_applicability, taxonomy_applicability"
361,Sulfonylureareceptor binding leading to mortality,Under Development,All rights reserved,2.0,29.41,5,17,6,5,0,"abstract, background, overall_assessment_description, overall_assessment_applicability, ke_essentiality, woe_evidence, quantitative_considerations, potential_applications, development_strategy, known_modulating_factors","stressors, sex_applicability, life_stage_applicability, taxonomy_applicability"
364,Thyroperoxidase inhibition leading to altered visual function via decreased eye size,Under Development,All rights reserved,2.0,29.41,5,17,8,7,0,"abstract, authors, background, overall_assessment_description, ke_essentiality, woe_evidence, quantitative_considerations, potential_applications, development_strategy","stressors, sex_applicability, life_stage_applicability, taxonomy_applicability"
365,Thyroperoxidase inhibition leading to altered visual function via altered photoreceptor patterning,Under Development,All rights reserved,2.0,29.41,5,17,8,7,0,"abstract, authors, background, overall_assessment_description, ke_essentiality, woe_evidence, quantitative_considerations, potential_applications, development_strategy","stressors, sex_applicability, life_stage_applicability, taxonomy_applicability"
366,Competitive binding to thyroid hormone carrier protein transthyretin (TTR) leading to altered amphibian metamorphosis ,,BY-SA,2.0,29.41,5,17,7,7,0,"abstract, background, overall_assessment_description, overall_assessment_applicability, ke_essentiality, woe_evidence, quantitative_considerations, potential_applications, development_strategy, known_modulating_factors","stressors, sex_applicability, life_stage_applicability, taxonomy_applicability"
367,Competitive binding to thyroid hormone carrier protein thyroid binding globulin (TBG) leading to altered amphibian metamorphosis,,BY-SA,2.0,29.41,5,17,7,7,0,"abstract, background, overall_assessment_description, overall_assessment_applicability, ke_essentiality, woe_evidence, quantitative_considerations, potential_applications, development_strategy, known_modulating_factors","stressors, sex_applicability, life_stage_applicability, taxonomy_applicability"
400,Inhibition of CYP26B1 activity in fetal testis leading to reduced fertility,,BY-SA,2.0,29.41,5,17,6,1,0,"abstract, authors, background, overall_assessment_description, overall_assessment_applicability, ke_essentiality, woe_evidence, quantitative_considerations, potential_applications, development_strategy","stressors, life_stage_applicability, taxonomy_applicability"
406,SARS-CoV-2 infection leading to hyperinflammation,,All rights reserved,2.0,29.41,5,17,6,5,0,"abstract, authors, overall_assessment_description, overall_assessment_applicability, ke_essentiality, woe_evidence, quantitative_considerations, potential_applications, development_strategy, known_modulating_factors","stressors, sex_applicability, life_stage_applicability, taxonomy_applicability"
412,Endothelial cell dysfunction leading to thromboinflammation,Under Development,All rights reserved,2.0,29.41,5,17,6,6,0,"abstract, background, overall_assessment_description, overall_assessment_applicability, ke_essentiality, woe_evidence, quantitative_considerations, potential_applications, development_strategy, known_modulating_factors","stressors, sex_applicability, life_stage_applicability, taxonomy_applicability"
437,Inhibition of mitochondrial electron transport chain (ETC) complexes leading to kidney toxicity,Under Development,BY-SA,2.0,29.41,5,17,5,4,0,"abstract, authors, background, overall_assessment_description, ke_essentiality, woe_evidence, quantitative_considerations, potential_applications, development_strategy","stressors, sex_applicability, life_stage_applicability, taxonomy_applicability"
471,"Various neuronal effects induced by elavl3, sox10, and mbp",,BY-SA,2.5,26.32,5,19,32,43,0,"abstract, authors, background, overall_assessment_description, overall_assessment_applicability, ke_essentiality, woe_evidence, quantitative_considerations, potential_applications, development_strategy","stressors, sex_applicability, life_stage_applicability, taxonomy_applicability"
479,Mitochondrial complexes inhibition leading to left ventricular function decrease via increased myocardial oxidative stress,Under Development,BY-SA,2.6,26.32,5,19,7,7,0,"abstract, authors, background, overall_assessment_description, overall_assessment_applicability, ke_essentiality, woe_evidence, quantitative_considerations, potential_applications, development_strategy","stressors, sex_applicability, life_stage_applicability, taxonomy_applicability"
480,Mitochondrial complexes inhibition leading to heart failure via decreased ATP production,Under Development,BY-SA,2.5,26.32,5,19,5,4,0,"abstract, authors, background, overall_assessment_description, overall_assessment_applicability, ke_essentiality, woe_evidence, quantitative_considerations, potential_applications, development_strategy","stressors, sex_applicability, life_stage_applicability, taxonomy_applicability"
495,Androgen receptor activation leading to prostate cancer,,All rights reserved,2.6,26.32,5,19,9,10,0,"abstract, authors, background, overall_assessment_description, overall_assessment_applicability, ke_essentiality, woe_evidence, quantitative_considerations, potential_applications, development_strategy","stressors, sex_applicability, life_stage_applicability, taxonomy_applicability"
502,"Decrease, cholesterol synthesis leads to orofacial clefting",Under Development,All rights reserved,2.6,26.32,5,19,7,0,0,"abstract, background, overall_assessment_description, overall_assessment_applicability, ke_essentiality, woe_evidence, quantitative_considerations, potential_applications, development_strategy","kers, stressors, sex_applicability, life_stage_applicability, taxonomy_applicability"
525,Reduced oligodendrocyte differentiation during neurodevelopment leading to impaired learning and memory,,Open for adoption,2.6,26.32,5,19,13,15,0,"abstract, authors, background, overall_assessment_description, overall_assessment_applicability, ke_essentiality, woe_evidence, quantitative_considerations, potential_applications, development_strategy","stressors, sex_applicability, life_stage_applicability, taxonomy_applicability"
531,VEGFR inhibition leading to Keratinocyte differentiation-associate Hand-foot skin reaction,,All rights reserved,2.6,26.32,5,19,0,0,0,"authors, overall_assessment_description, overall_assessment_applicability, ke_essentiality, woe_evidence, quantitative_considerations, potential_applications, development_strategy","event_ids, kers, stressors, sex_applicability, life_stage_applicability, taxonomy_applicability"
557,β2-Receptor agonist leading to Cardiomyopathy,,All rights reserved,2.7,26.32,5,19,2,0,0,"authors, background, overall_assessment_description, overall_assessment_applicability, ke_essentiality, woe_evidence, quantitative_considerations, potential_applications, development_strategy","kers, stressors, sex_applicability, life_stage_applicability, taxonomy_applicability"
588,Inhibition of the mitochondrial complex II of nigro-striatal neurons leads to parkinsonian motor deficits,,BY-SA,2.7,26.32,5,19,4,3,0,"abstract, authors, background, overall_assessment_description, overall_assessment_applicability, ke_essentiality, woe_evidence, quantitative_considerations, potential_applications, development_strategy","stressors, sex_applicability, life_stage_applicability, taxonomy_applicability"
589,Inhibition of the mitochondrial complex IV of nigro-striatal neurons leads to parkinsonian motor deficits,,BY-SA,2.7,26.32,5,19,4,3,0,"abstract, authors, background, overall_assessment_description, overall_assessment_applicability, ke_essentiality, woe_evidence, quantitative_considerations, potential_applications, development_strategy","stressors, sex_applicability, life_stage_applicability, taxonomy_applicability"
595,Emerging OPFRS reproductive outcome pathway,,All rights reserved,2.7,26.32,5,19,18,14,0,"abstract, authors, background, overall_assessment_description, overall_assessment_applicability, ke_essentiality, woe_evidence, quantitative_considerations, potential_applications, development_strategy","stressors, sex_applicability, life_stage_applicability, taxonomy_applicability"
596,Excessive reactive oxygen species leading to growth inhibition via protein oxidation and cell injury/death,,BY-SA,2.7,26.32,5,19,7,6,0,"abstract, authors, background, overall_assessment_description, overall_assessment_applicability, ke_essentiality, woe_evidence, quantitative_considerations, potential_applications, development_strategy","stressors, sex_applicability, life_stage_applicability, taxonomy_applicability"
599,Excessive reactive oxygen species leading to growth inhibition via fatty acid oxidation and cell injury/death,,BY-SA,2.7,26.32,5,19,7,6,0,"abstract, authors, background, overall_assessment_description, overall_assessment_applicability, ke_essentiality, woe_evidence, quantitative_considerations, potential_applications, development_strategy","stressors, sex_applicability, life_stage_applicability, taxonomy_applicability"
600,Excessive reactive oxygen species leading to growth inhibition via fatty acid oxidation and reduced cell growth,,BY-SA,2.7,26.32,5,19,7,6,0,"abstract, authors, background, overall_assessment_description, overall_assessment_applicability, ke_essentiality, woe_evidence, quantitative_considerations, potential_applications, development_strategy","stressors, sex_applicability, life_stage_applicability, taxonomy_applicability"
601,Excessive reactive oxygen species leading to growth inhibition via fatty acid oxidation and reduced cell proliferation,,BY-SA,2.7,26.32,5,19,7,6,0,"abstract, authors, background, overall_assessment_description, overall_assessment_applicability, ke_essentiality, woe_evidence, quantitative_considerations, potential_applications, development_strategy","stressors, sex_applicability, life_stage_applicability, taxonomy_applicability"
602,Excessive reactive oxygen species leading to growth inhibition via oxidative DNA damage,,BY-SA,2.7,26.32,5,19,8,7,0,"abstract, authors, background, overall_assessment_description, overall_assessment_applicability, ke_essentiality, woe_evidence, quantitative_considerations, potential_applications, development_strategy","stressors, sex_applicability, life_stage_applicability, taxonomy_applicability"
603,Excessive reactive oxygen species leading to growth inhibition via protein oxidation and cell cycle disruption,,BY-SA,2.7,26.32,5,19,6,5,0,"abstract, authors, background, overall_assessment_description, overall_assessment_applicability, ke_essentiality, woe_evidence, quantitative_considerations, potential_applications, development_strategy","stressors, sex_applicability, life_stage_applicability, taxonomy_applicability"
611,Behavioral abnormalities due to increased expression of dopamine transporter and receptor-related genes,,BY-SA,2.7,26.32,5,19,7,7,0,"abstract, authors, background, overall_assessment_description, overall_assessment_applicability, ke_essentiality, woe_evidence, quantitative_considerations, potential_applications, development_strategy","stressors, sex_applicability, life_stage_applicability, taxonomy_applicability"
620,The Adverse Outcome Pathway to Deposition of Energy Leading to Female Decreased Fertility,,All rights reserved,2.7,26.32,5,19,0,0,0,"background, overall_assessment_description, overall_assessment_applicability, ke_essentiality, woe_evidence, quantitative_considerations, potential_applications, development_strategy","event_ids, kers, stressors, sex_applicability, life_stage_applicability, taxonomy_applicability"
5,pentachlorophenol early events,,BY-SA,1.0,23.53,4,17,0,0,0,"background, overall_assessment_description, overall_assessment_applicability, ke_essentiality, woe_evidence, quantitative_considerations, potential_applications, development_strategy, known_modulating_factors","event_ids, kers, stressors, sex_applicability, life_stage_applicability, taxonomy_applicability"
35,Narcosis leading to respiratory failure,Under Development,BY-SA,1.0,23.53,4,17,2,0,0,"abstract, authors, background, overall_assessment_applicability, ke_essentiality, woe_evidence, quantitative_considerations, potential_applications, development_strategy, known_modulating_factors","kers, stressors, sex_applicability, life_stage_applicability, taxonomy_applicability"
52,ER agonism leading to skewed sex ratios due to altered sexual differentiation in males,,BY-SA,1.0,23.53,4,17,2,0,0,"abstract, background, overall_assessment_description, overall_assessment_applicability, ke_essentiality, woe_evidence, quantitative_considerations, potential_applications, development_strategy, known_modulating_factors","kers, stressors, sex_applicability, life_stage_applicability, taxonomy_applicability"
59,HNF4alpha suppression leading to hepatic steatosis,,BY-SA,1.0,23.53,4,17,1,0,0,"abstract, background, overall_assessment_description, overall_assessment_applicability, ke_essentiality, woe_evidence, quantitative_considerations, potential_applications, development_strategy, known_modulating_factors","kers, stressors, sex_applicability, life_stage_applicability, taxonomy_applicability"
73,Xenobiotic Inhibition of Dopamine-beta-Hydroxylase and subsequent reduced fecundity,,BY-SA,1.0,23.53,4,17,11,0,0,"abstract, background, overall_assessment_description, overall_assessment_applicability, ke_essentiality, woe_evidence, quantitative_considerations, potential_applications, development_strategy, known_modulating_factors","kers, stressors, sex_applicability, life_stage_applicability, taxonomy_applicability"
153,Aromatase Inhibition leading to Ovulation Inhibition and Decreased Fertility in Female Rats,,BY-SA,1.0,23.53,4,17,9,0,3,"abstract, authors, background, overall_assessment_description, overall_assessment_applicability, ke_essentiality, woe_evidence, quantitative_considerations, potential_applications, development_strategy, known_modulating_factors","kers, sex_applicability, life_stage_applicability, taxonomy_applicability"
178,Nicotinic acetylcholine receptor activation contributes to mitochondrial dysfunction and leads to colony loss/failure,,BY-SA,1.0,23.53,4,17,4,2,0,"abstract, authors, background, overall_assessment_description, overall_assessment_applicability, ke_essentiality, woe_evidence, quantitative_considerations, potential_applications, development_strategy, known_modulating_factors","stressors, sex_applicability, life_stage_applicability, taxonomy_applicability"
179,Varroa mite infestation increases virus levels leading to colony loss/failure,,BY-SA,1.0,23.53,4,17,3,2,0,"abstract, authors, background, overall_assessment_description, overall_assessment_applicability, ke_essentiality, woe_evidence, quantitative_considerations, potential_applications, development_strategy, known_modulating_factors","stressors, sex_applicability, life_stage_applicability, taxonomy_applicability"
180,Varroa mite infestation contributes to abnormal foraging leading to colony loss/failure,,BY-SA,1.0,23.53,4,17,3,2,0,"abstract, authors, background, overall_assessment_description, overall_assessment_applicability, ke_essentiality, woe_evidence, quantitative_considerations, potential_applications, development_strategy, known_modulating_factors","stressors, sex_applicability, life_stage_applicability, taxonomy_applicability"
181,Weather event contributes to colony loss/failure,,BY-SA,1.0,23.53,4,17,2,1,0,"abstract, authors, background, overall_assessment_description, overall_assessment_applicability, ke_essentiality, woe_evidence, quantitative_considerations, potential_applications, development_strategy, known_modulating_factors","stressors, sex_applicability, life_stage_applicability, taxonomy_applicability"
182,Weather event contributes abnormal foraging leading to colony loss/failure,,BY-SA,1.0,23.53,4,17,3,2,0,"abstract, authors, background, overall_assessment_description, overall_assessment_applicability, ke_essentiality, woe_evidence, quantitative_considerations, potential_applications, development_strategy, known_modulating_factors","stressors, sex_applicability, life_stage_applicability, taxonomy_applicability"
183,Nosema infection increases energetic demands leading to colony loss/failure,,BY-SA,1.0,23.53,4,17,4,3,0,"abstract, authors, background, overall_assessment_description, overall_assessment_applicability, ke_essentiality, woe_evidence, quantitative_considerations, potential_applications, development_strategy, known_modulating_factors","stressors, sex_applicability, life_stage_applicability, taxonomy_applicability"
184,Nosema infection causes abnormal role change that leads to colony loss/failure,,BY-SA,1.0,23.53,4,17,3,2,0,"abstract, authors, background, overall_assessment_description, overall_assessment_applicability, ke_essentiality, woe_evidence, quantitative_considerations, potential_applications, development_strategy, known_modulating_factors","stressors, sex_applicability, life_stage_applicability, taxonomy_applicability"
185,Queen egg-laying decrease leads to colony loss/failure,,BY-SA,1.0,23.53,4,17,2,1,0,"abstract, authors, background, overall_assessment_description, overall_assessment_applicability, ke_essentiality, woe_evidence, quantitative_considerations, potential_applications, development_strategy, known_modulating_factors","stressors, sex_applicability, life_stage_applicability, taxonomy_applicability"
215,Molecular events lead to epilepsy,,Open for adoption,1.0,23.53,4,17,18,14,0,"abstract, authors, background, overall_assessment_description, overall_assessment_applicability, ke_essentiality, woe_evidence, quantitative_considerations, potential_applications, development_strategy, known_modulating_factors","stressors, sex_applicability, life_stage_applicability, taxonomy_applicability"
230,presynaptic neuron 1 activation to epilepsy,,Open for adoption,1.0,23.53,4,17,11,9,0,"abstract, authors, background, overall_assessment_description, overall_assessment_applicability, ke_essentiality, woe_evidence, quantitative_considerations, potential_applications, development_strategy, known_modulating_factors","stressors, sex_applicability, life_stage_applicability, taxonomy_applicability"
231,presynaptic neuron 2 repression to epilepsy,,Open for adoption,1.0,23.53,4,17,9,8,0,"abstract, authors, background, overall_assessment_description, overall_assessment_applicability, ke_essentiality, woe_evidence, quantitative_considerations, potential_applications, development_strategy, known_modulating_factors","stressors, sex_applicability, life_stage_applicability, taxonomy_applicability"
270,Elevated ATP demand for detoxification and repair mechanisms leading to impaired locomotor activity,,All rights reserved,2.0,23.53,4,17,0,0,0,"background, overall_assessment_description, overall_assessment_applicability, ke_essentiality, woe_evidence, quantitative_considerations, potential_applications, development_strategy, known_modulating_factors","event_ids, kers, stressors, sex_applicability, life_stage_applicability, taxonomy_applicability"
304,TBX1 inhibition leading to congenital cardiac conotruncal anomalies,,All rights reserved,2.0,23.53,4,17,6,0,0,"abstract, background, overall_assessment_description, overall_assessment_applicability, ke_essentiality, woe_evidence, quantitative_considerations, potential_applications, development_strategy, known_modulating_factors","kers, stressors, sex_applicability, life_stage_applicability, taxonomy_applicability"
318,Glucocorticoid Receptor activation leading to hepatic steatosis,,BY-SA,2.0,23.53,4,17,5,4,0,"abstract, authors, background, overall_assessment_description, overall_assessment_applicability, ke_essentiality, woe_evidence, quantitative_considerations, potential_applications, development_strategy, known_modulating_factors","stressors, sex_applicability, life_stage_applicability, taxonomy_applicability"
322,Alkylation of DNA leading to reduced sperm count,,BY-SA,2.0,23.53,4,17,5,4,0,"abstract, authors, background, overall_assessment_description, overall_assessment_applicability, ke_essentiality, woe_evidence, quantitative_considerations, potential_applications, development_strategy, known_modulating_factors","stressors, sex_applicability, life_stage_applicability, taxonomy_applicability"
381,Binding of viral S-glycoprotein to ACE2 receptor leading to dysgeusia,Under Development,BY-SA,2.0,23.53,4,17,6,5,0,"abstract, authors, background, overall_assessment_description, overall_assessment_applicability, ke_essentiality, woe_evidence, quantitative_considerations, potential_applications, development_strategy, known_modulating_factors","stressors, sex_applicability, life_stage_applicability, taxonomy_applicability"
382,Angiotensin II type 1 receptor (AT1R) agonism leading to lung fibrosis,Under Development,BY-SA,2.0,23.53,4,17,6,5,0,"abstract, authors, background, overall_assessment_description, overall_assessment_applicability, ke_essentiality, woe_evidence, quantitative_considerations, potential_applications, development_strategy, known_modulating_factors","stressors, sex_applicability, life_stage_applicability, taxonomy_applicability"
383,Inhibition of Angiotensin-converting enzyme 2 leading to liver fibrosis,Under Development,BY-SA,2.0,23.53,4,17,6,5,0,"abstract, authors, background, overall_assessment_description, overall_assessment_applicability, ke_essentiality, woe_evidence, quantitative_considerations, potential_applications, development_strategy, known_modulating_factors","stressors, sex_applicability, life_stage_applicability, taxonomy_applicability"
384,Hyperactivation of ACE/Ang-II/AT1R axis leading to chronic kidney disease ,,BY-SA,2.0,23.53,4,17,6,5,0,"abstract, authors, background, overall_assessment_description, overall_assessment_applicability, ke_essentiality, woe_evidence, quantitative_considerations, potential_applications, development_strategy, known_modulating_factors","stressors, sex_applicability, life_stage_applicability, taxonomy_applicability"
414,Aryl hydrocarbon receptor activation leading to lung fibrosis through TGF-β dependent fibrosis toxicity pathway,,All rights reserved,2.0,23.53,4,17,5,0,0,"abstract, background, overall_assessment_description, overall_assessment_applicability, ke_essentiality, woe_evidence, quantitative_considerations, potential_applications, development_strategy, known_modulating_factors","kers, stressors, sex_applicability, life_stage_applicability, taxonomy_applicability"
415,Aryl hydrocarbon receptor activation leading to lung fibrosis through IL-6 toxicity pathway,,All rights reserved,2.0,23.53,4,17,5,0,0,"abstract, background, overall_assessment_description, overall_assessment_applicability, ke_essentiality, woe_evidence, quantitative_considerations, potential_applications, development_strategy, known_modulating_factors","kers, stressors, sex_applicability, life_stage_applicability, taxonomy_applicability"
416,Aryl hydrocarbon receptor activation leading to lung cancer through IL-6 toxicity pathway,,All rights reserved,2.0,23.53,4,17,6,0,0,"abstract, background, overall_assessment_description, overall_assessment_applicability, ke_essentiality, woe_evidence, quantitative_considerations, potential_applications, development_strategy, known_modulating_factors","kers, stressors, sex_applicability, life_stage_applicability, taxonomy_applicability"
417,Aryl hydrocarbon receptor activation leading to lung cancer through AHR-ARNT toxicity pathway,,All rights reserved,2.0,23.53,4,17,5,0,0,"abstract, background, overall_assessment_description, overall_assessment_applicability, ke_essentiality, woe_evidence, quantitative_considerations, potential_applications, development_strategy, known_modulating_factors","kers, stressors, sex_applicability, life_stage_applicability, taxonomy_applicability"
418,Aryl hydrocarbon receptor activation leading to impaired lung function through AHR-ARNT toxicity pathway,,All rights reserved,2.0,23.53,4,17,5,0,0,"abstract, background, overall_assessment_description, overall_assessment_applicability, ke_essentiality, woe_evidence, quantitative_considerations, potential_applications, development_strategy, known_modulating_factors","kers, stressors, sex_applicability, life_stage_applicability, taxonomy_applicability"
419,Aryl hydrocarbon receptor activation leading to impaired lung function through P53 toxicity pathway,,All rights reserved,2.0,23.53,4,17,4,0,0,"abstract, background, overall_assessment_description, overall_assessment_applicability, ke_essentiality, woe_evidence, quantitative_considerations, potential_applications, development_strategy, known_modulating_factors","kers, stressors, sex_applicability, life_stage_applicability, taxonomy_applicability"
420,Aryl hydrocarbon receptor activation leading to lung cancer through sustained NRF2 toxicity pathway,,All rights reserved,2.0,23.53,4,17,4,0,0,"abstract, background, overall_assessment_description, overall_assessment_applicability, ke_essentiality, woe_evidence, quantitative_considerations, potential_applications, development_strategy, known_modulating_factors","kers, stressors, sex_applicability, life_stage_applicability, taxonomy_applicability"
434,CYP26 inhibition leading to disturbed dorsal lateral hinge point bending which causes neural tube closure defects,,All rights reserved,2.0,23.53,4,17,0,0,0,"authors, overall_assessment_description, overall_assessment_applicability, ke_essentiality, woe_evidence, quantitative_considerations, potential_applications, development_strategy, known_modulating_factors","event_ids, kers, stressors, sex_applicability, life_stage_applicability, taxonomy_applicability"
435,Deposition of ionising energy leads to population decline via pollen abnormal,,BY-SA,2.0,23.53,4,17,6,5,0,"abstract, authors, background, overall_assessment_description, overall_assessment_applicability, ke_essentiality, woe_evidence, quantitative_considerations, potential_applications, development_strategy, known_modulating_factors","stressors, sex_applicability, life_stage_applicability, taxonomy_applicability"
444,Ionizing radiation leads to reduced reproduction in Eisenia fetida via reduced spermatogenesis and cocoon hatchability,,BY-SA,2.0,23.53,4,17,9,15,0,"abstract, authors, background, overall_assessment_description, overall_assessment_applicability, ke_essentiality, woe_evidence, quantitative_considerations, potential_applications, development_strategy, known_modulating_factors","stressors, sex_applicability, life_stage_applicability, taxonomy_applicability"
452,Adverse outcome pathway of PM-induced respiratory toxicity,,BY-SA,2.0,23.53,4,17,11,15,0,"abstract, authors, background, overall_assessment_description, overall_assessment_applicability, ke_essentiality, woe_evidence, quantitative_considerations, potential_applications, development_strategy, known_modulating_factors","stressors, sex_applicability, life_stage_applicability, taxonomy_applicability"
523,Retinoic acid receptor agonism during neurodevelopment leading to microcephaly,,Open for adoption,2.6,21.05,4,19,5,6,0,"abstract, authors, background, overall_assessment_description, overall_assessment_applicability, ke_essentiality, woe_evidence, quantitative_considerations, potential_applications, development_strategy, known_modulating_factors","stressors, sex_applicability, life_stage_applicability, taxonomy_applicability"
547,Androgen receptor agonism leading to long anogenital distance in female offspring,,All rights reserved,2.7,21.05,4,19,3,2,0,"abstract, authors, background, overall_assessment_description, overall_assessment_applicability, ke_essentiality, woe_evidence, quantitative_considerations, potential_applications, development_strategy, known_modulating_factors","stressors, sex_applicability, life_stage_applicability, taxonomy_applicability"
579,Transthyretin disruption in developing fish leading to projected decline in fish population,,BY-SA,2.7,21.05,4,19,0,0,0,"authors, background, overall_assessment_description, overall_assessment_applicability, ke_essentiality, woe_evidence, quantitative_considerations, potential_applications, development_strategy","event_ids, kers, stressors, sex_applicability, life_stage_applicability, taxonomy_applicability"
581,Glucocorticoid receptor (GR) activation during development leads to cognitive function (COG) decrease,,All rights reserved,2.7,21.05,4,19,5,0,0,"abstract, authors, background, overall_assessment_description, overall_assessment_applicability, ke_essentiality, woe_evidence, quantitative_considerations, potential_applications, development_strategy","kers, stressors, sex_applicability, life_stage_applicability, taxonomy_applicability"
582,Inhibition of EphA2 phosphorylation leads to liver damage via the ERK/ MDM2/p53 axis,,All rights reserved,2.7,21.05,4,19,0,0,0,"authors, background, overall_assessment_description, overall_assessment_applicability, ke_essentiality, woe_evidence, quantitative_considerations, potential_applications, development_strategy","event_ids, kers, stressors, sex_applicability, life_stage_applicability, taxonomy_applicability"
583,Vascular endothelial HER2 inhibition disrupts cardiomyocyte calcium homeostasis via EGFR/STAT3/PTX3 axis leading to cardiac contractile dysfunction,,All rights reserved,2.7,21.05,4,19,0,0,0,"authors, background, overall_assessment_description, overall_assessment_applicability, ke_essentiality, woe_evidence, quantitative_considerations, potential_applications, development_strategy","event_ids, kers, stressors, sex_applicability, life_stage_applicability, taxonomy_applicability"
584,SQLE accumulation leads to hepatotoxicity via cholesterol/sphingolipid metabolic disturbance and lysosomal damage,,All rights reserved,2.7,21.05,4,19,0,0,0,"authors, background, overall_assessment_description, overall_assessment_applicability, ke_essentiality, woe_evidence, quantitative_considerations, potential_applications, development_strategy","event_ids, kers, stressors, sex_applicability, life_stage_applicability, taxonomy_applicability"
585,AKT Inhibition blocks the autophagy flow through the PRKAA/AMPK pathway and leads to cardiotoxicity,,All rights reserved,2.7,21.05,4,19,0,0,0,"authors, background, overall_assessment_description, overall_assessment_applicability, ke_essentiality, woe_evidence, quantitative_considerations, potential_applications, development_strategy","event_ids, kers, stressors, sex_applicability, life_stage_applicability, taxonomy_applicability"
586,The increasing accumulation of HMGB1 in the nucleus causes cardiomyocyte death via HMGB1/HSPB1/CCN2 pathway,,All rights reserved,2.7,21.05,4,19,0,0,0,"authors, background, overall_assessment_description, overall_assessment_applicability, ke_essentiality, woe_evidence, quantitative_considerations, potential_applications, development_strategy","event_ids, kers, stressors, sex_applicability, life_stage_applicability, taxonomy_applicability"
598,Excessive reactive oxygen species leading to growth inhibition via protein oxidation and reduced cell proliferation,,BY-SA,2.7,21.05,4,19,7,0,0,"abstract, authors, background, overall_assessment_description, overall_assessment_applicability, ke_essentiality, woe_evidence, quantitative_considerations, potential_applications, development_strategy","kers, stressors, sex_applicability, life_stage_applicability, taxonomy_applicability"
622,Calcineurin inhibitor induced nephrotoxicity leading to kidney failure,,All rights reserved,2.7,21.05,4,19,0,0,0,"abstract, background, overall_assessment_description, overall_assessment_applicability, ke_essentiality, woe_evidence, quantitative_considerations, potential_applications, development_strategy","event_ids, kers, stressors, sex_applicability, life_stage_applicability, taxonomy_applicability"
53,ER agonism leading to reduced survival due to renal failure,,BY-SA,1.0,17.65,3,17,6,0,0,"abstract, authors, background, overall_assessment_description, overall_assessment_applicability, ke_essentiality, woe_evidence, quantitative_considerations, potential_applications, development_strategy","kers, stressors, sex_applicability, life_stage_applicability, taxonomy_applicability"
126,Alpha-noradrenergic antagonism leads to reduced fecundity via delayed ovulation,,BY-SA,1.0,17.65,3,17,11,0,0,"abstract, authors, background, overall_assessment_description, overall_assessment_applicability, ke_essentiality, woe_evidence, quantitative_considerations, potential_applications, development_strategy, known_modulating_factors","kers, stressors, sex_applicability, life_stage_applicability, taxonomy_applicability"
146,Estrogen Receptor Activation and Female Precocious Puberty,,Open for adoption,1.0,17.65,3,17,0,0,0,"abstract, background, overall_assessment_description, overall_assessment_applicability, ke_essentiality, woe_evidence, quantitative_considerations, potential_applications, development_strategy","event_ids, kers, stressors, sex_applicability, life_stage_applicability, taxonomy_applicability"
211,Handbook development AOP,,BY-SA,1.0,17.65,3,17,0,0,1,"abstract, authors, background, overall_assessment_description, overall_assessment_applicability, ke_essentiality, woe_evidence, quantitative_considerations, potential_applications, development_strategy, known_modulating_factors","event_ids, kers, sex_applicability, life_stage_applicability, taxonomy_applicability"
262,L-type calcium channel blockade leading to the disruption of cardiac electrophysiology,Under Development,All rights reserved,2.0,17.65,3,17,0,0,0,"abstract, background, overall_assessment_description, overall_assessment_applicability, ke_essentiality, woe_evidence, quantitative_considerations, potential_applications, development_strategy, known_modulating_factors","event_ids, kers, stressors, sex_applicability, life_stage_applicability, taxonomy_applicability"
269,Elevated ATP demand for detoxification and repair mechanisms leading to impaired growth and development,,BY-SA,2.0,17.65,3,17,0,0,0,"abstract, background, overall_assessment_description, overall_assessment_applicability, ke_essentiality, woe_evidence, quantitative_considerations, potential_applications, development_strategy, known_modulating_factors","event_ids, kers, stressors, sex_applicability, life_stage_applicability, taxonomy_applicability"
372,Androgen receptor antagonism leading to testicular cancer ,,BY-SA,2.0,17.65,3,17,5,0,0,"abstract, authors, background, overall_assessment_description, overall_assessment_applicability, ke_essentiality, woe_evidence, quantitative_considerations, potential_applications, development_strategy, known_modulating_factors","kers, stressors, sex_applicability, life_stage_applicability, taxonomy_applicability"
375,test AOP,,BY-SA,2.0,17.65,3,17,1,0,0,"abstract, authors, background, overall_assessment_description, overall_assessment_applicability, ke_essentiality, woe_evidence, quantitative_considerations, potential_applications, development_strategy, known_modulating_factors","kers, stressors, sex_applicability, life_stage_applicability, taxonomy_applicability"
378,Dysregulated underperforming Toll Like Receptors (TLRs) leading to high pathogen load,,BY-SA,2.0,17.65,3,17,1,0,0,"abstract, authors, background, overall_assessment_description, overall_assessment_applicability, ke_essentiality, woe_evidence, quantitative_considerations, potential_applications, development_strategy, known_modulating_factors","kers, stressors, sex_applicability, life_stage_applicability, taxonomy_applicability"
395,Binding of Sars-CoV-2 spike protein to ACE 2 receptors expressed on pericytes leads to disseminated intravascular coagulation resulting in cerebrovascular disease (stroke),Under Development,BY-SA,2.0,17.65,3,17,5,0,0,"abstract, authors, background, overall_assessment_description, overall_assessment_applicability, ke_essentiality, woe_evidence, quantitative_considerations, potential_applications, development_strategy, known_modulating_factors","kers, stressors, sex_applicability, life_stage_applicability, taxonomy_applicability"
403,combined unhealthy lifestyle factors leading to metabolic syndrome,,BY-SA,2.0,17.65,3,17,0,0,6,"abstract, authors, background, overall_assessment_description, overall_assessment_applicability, ke_essentiality, woe_evidence, quantitative_considerations, potential_applications, development_strategy, known_modulating_factors","event_ids, kers, sex_applicability, life_stage_applicability, taxonomy_applicability"
407,SARS-CoV-2 infection leading to pyroptosis,,All rights reserved,2.0,17.65,3,17,6,0,0,"abstract, authors, background, overall_assessment_description, overall_assessment_applicability, ke_essentiality, woe_evidence, quantitative_considerations, potential_applications, development_strategy, known_modulating_factors","kers, stressors, sex_applicability, life_stage_applicability, taxonomy_applicability"
421,PPARG activation leading to intrahepatic cholestasis,,All rights reserved,2.0,17.65,3,17,1,0,0,"abstract, authors, background, overall_assessment_description, overall_assessment_applicability, ke_essentiality, woe_evidence, quantitative_considerations, potential_applications, development_strategy, known_modulating_factors","kers, stressors, sex_applicability, life_stage_applicability, taxonomy_applicability"
426,"SARS-CoV-2 spike protein binding to ACE2 receptors expressed on pericytes leads to endothelial cell dysfunction, microvascular injury and myocardial infarction. ",,BY-SA,2.0,17.65,3,17,10,0,0,"abstract, authors, background, overall_assessment_description, overall_assessment_applicability, ke_essentiality, woe_evidence, quantitative_considerations, potential_applications, development_strategy, known_modulating_factors","kers, stressors, sex_applicability, life_stage_applicability, taxonomy_applicability"
427,ACE2 downregulation following SARS-CoV-2 infection triggers dysregulation of RAAS and can lead to heart failure.,,BY-SA,2.0,17.65,3,17,9,0,0,"abstract, authors, background, overall_assessment_description, overall_assessment_applicability, ke_essentiality, woe_evidence, quantitative_considerations, potential_applications, development_strategy, known_modulating_factors","kers, stressors, sex_applicability, life_stage_applicability, taxonomy_applicability"
454,PM2.5-related AOP frameworks on liver diseases,,BY-SA,2.0,17.65,3,17,4,0,0,"abstract, authors, background, overall_assessment_description, overall_assessment_applicability, ke_essentiality, woe_evidence, quantitative_considerations, potential_applications, development_strategy, known_modulating_factors","kers, stressors, sex_applicability, life_stage_applicability, taxonomy_applicability"
463,The AOP framwork on silica nanopariticles induced hepatoxicity,,BY-SA,2.5,15.79,3,19,1,0,0,"abstract, authors, background, overall_assessment_description, overall_assessment_applicability, ke_essentiality, woe_evidence, quantitative_considerations, potential_applications, development_strategy, known_modulating_factors","kers, stressors, sex_applicability, life_stage_applicability, taxonomy_applicability"
476,Adverse Outcome Pathways diagram related to PBDEs associated male reproductive toxicity,,All rights reserved,2.5,15.79,3,19,16,0,0,"abstract, authors, background, overall_assessment_description, overall_assessment_applicability, ke_essentiality, woe_evidence, quantitative_considerations, potential_applications, development_strategy, known_modulating_factors","kers, stressors, sex_applicability, life_stage_applicability, taxonomy_applicability"
484,Bisphenol A analogs induce cellular dysfunction in human trophoblast cells in a thyroid hormone receptor-dependent manner: in silico and in vitro analyses,,BY-SA,2.5,15.79,3,19,0,0,0,"abstract, authors, background, overall_assessment_description, overall_assessment_applicability, ke_essentiality, woe_evidence, quantitative_considerations, potential_applications, development_strategy","event_ids, kers, stressors, sex_applicability, life_stage_applicability, taxonomy_applicability"
512,Reduced availability of GnRH leading to uterine adenocarcinoma via increased estrogen availability at target organ level ,,All rights reserved,2.6,15.79,3,19,1,0,0,"abstract, authors, background, overall_assessment_description, overall_assessment_applicability, ke_essentiality, woe_evidence, quantitative_considerations, potential_applications, development_strategy, known_modulating_factors","kers, stressors, sex_applicability, life_stage_applicability, taxonomy_applicability"
516,Na+ /K+ -ATPase inhibition leading to hypertension,,All rights reserved,2.6,15.79,3,19,2,0,0,"abstract, authors, background, overall_assessment_description, overall_assessment_applicability, ke_essentiality, woe_evidence, quantitative_considerations, potential_applications, development_strategy, known_modulating_factors","kers, stressors, sex_applicability, life_stage_applicability, taxonomy_applicability"
532,Retinoic acid receptor agonism during cerebellar development leading to impaired locomotor function,,Open for adoption,2.6,15.79,3,19,5,0,0,"abstract, authors, background, overall_assessment_description, overall_assessment_applicability, ke_essentiality, woe_evidence, quantitative_considerations, potential_applications, development_strategy, known_modulating_factors","kers, stressors, sex_applicability, life_stage_applicability, taxonomy_applicability"
533,Retinoic acid receptor antagonism during neurodevelopment leading to impaired learning and memory,,Open for adoption,2.6,15.79,3,19,6,0,0,"abstract, authors, background, overall_assessment_description, overall_assessment_applicability, ke_essentiality, woe_evidence, quantitative_considerations, potential_applications, development_strategy, known_modulating_factors","kers, stressors, sex_applicability, life_stage_applicability, taxonomy_applicability"
541,Excessive ROS generation leading to increased incidence of vascular calcification by VSMC phenotype switching,,All rights reserved,2.7,15.79,3,19,0,0,0,"abstract, authors, background, overall_assessment_description, overall_assessment_applicability, ke_essentiality, woe_evidence, quantitative_considerations, potential_applications, development_strategy","event_ids, kers, stressors, sex_applicability, life_stage_applicability, taxonomy_applicability"
577,AhR activation leading to endometriosis,,BY-SA,2.7,15.79,3,19,2,0,0,"abstract, authors, background, overall_assessment_description, overall_assessment_applicability, ke_essentiality, woe_evidence, quantitative_considerations, potential_applications, development_strategy, known_modulating_factors","kers, stressors, sex_applicability, life_stage_applicability, taxonomy_applicability"
594,Micro plastic effect on reproduction,,All rights reserved,2.7,15.79,3,19,3,0,0,"abstract, authors, background, overall_assessment_description, overall_assessment_applicability, ke_essentiality, woe_evidence, quantitative_considerations, potential_applications, development_strategy, known_modulating_factors","kers, stressors, sex_applicability, life_stage_applicability, taxonomy_applicability"
597,Excessive reactive oxygen species leading to growth inhibition via protein oxidation and reduced cell growth,,BY-SA,2.7,15.79,3,19,0,0,0,"abstract, authors, background, overall_assessment_description, overall_assessment_applicability, ke_essentiality, woe_evidence, quantitative_considerations, potential_applications, development_strategy","event_ids, kers, stressors, sex_applicability, life_stage_applicability, taxonomy_applicability"
44,Mutagenic MOA for Cancer: Pro-mutagenic DNA Adducts leading to Hepatocellular Carcinoma (HCC),,BY-SA,1.0,11.76,2,17,0,0,0,"abstract, authors, background, overall_assessment_description, overall_assessment_applicability, ke_essentiality, woe_evidence, quantitative_considerations, potential_applications, development_strategy, known_modulating_factors","event_ids, kers, stressors, sex_applicability, life_stage_applicability, taxonomy_applicability"
45,Pro-mutagenic DNA Adducts leading to Hepatocellular Carcinoma (HCC),,BY-SA,1.0,11.76,2,17,0,0,0,"abstract, authors, background, overall_assessment_description, overall_assessment_applicability, ke_essentiality, woe_evidence, quantitative_considerations, potential_applications, development_strategy, known_modulating_factors","event_ids, kers, stressors, sex_applicability, life_stage_applicability, taxonomy_applicability"
199,ER mediated breast cancer AOP ,,BY-SA,1.0,11.76,2,17,0,0,0,"abstract, authors, background, overall_assessment_description, overall_assessment_applicability, ke_essentiality, woe_evidence, quantitative_considerations, potential_applications, development_strategy, known_modulating_factors","event_ids, kers, stressors, sex_applicability, life_stage_applicability, taxonomy_applicability"
239,Oxidative Stress Leading to ILC2-mediated Respiratory Epithelial Remodeling,,BY-SA,1.0,11.76,2,17,0,0,0,"abstract, authors, background, overall_assessment_description, overall_assessment_applicability, ke_essentiality, woe_evidence, quantitative_considerations, potential_applications, development_strategy, known_modulating_factors","event_ids, kers, stressors, sex_applicability, life_stage_applicability, taxonomy_applicability"
240,DNA Adducts Leading to Liver Hemangiosarcoma,,BY-SA,1.0,11.76,2,17,0,0,0,"abstract, authors, background, overall_assessment_description, overall_assessment_applicability, ke_essentiality, woe_evidence, quantitative_considerations, potential_applications, development_strategy, known_modulating_factors","event_ids, kers, stressors, sex_applicability, life_stage_applicability, taxonomy_applicability"
283,L-type calcium channel blockade leading to hypotension,Under Development,All rights reserved,2.0,11.76,2,17,0,0,0,"abstract, authors, background, overall_assessment_description, overall_assessment_applicability, ke_essentiality, woe_evidence, quantitative_considerations, potential_applications, development_strategy, known_modulating_factors","event_ids, kers, stressors, sex_applicability, life_stage_applicability, taxonomy_applicability"
369,Photosystem II antagonism leading to growth inhibition via oxidative damage,,BY-SA,2.0,11.76,2,17,0,0,0,"abstract, authors, background, overall_assessment_description, overall_assessment_applicability, ke_essentiality, woe_evidence, quantitative_considerations, potential_applications, development_strategy, known_modulating_factors","event_ids, kers, stressors, sex_applicability, life_stage_applicability, taxonomy_applicability"
370,Photosystem II antagonism leading to growth inhibition via suppression of photosynthesis,,BY-SA,2.0,11.76,2,17,0,0,0,"abstract, authors, background, overall_assessment_description, overall_assessment_applicability, ke_essentiality, woe_evidence, quantitative_considerations, potential_applications, development_strategy, known_modulating_factors","event_ids, kers, stressors, sex_applicability, life_stage_applicability, taxonomy_applicability"
371,Photosystem II antagonism leading to growth inhibition via dysregulation of growth hormone,,BY-SA,2.0,11.76,2,17,0,0,0,"abstract, authors, background, overall_assessment_description, overall_assessment_applicability, ke_essentiality, woe_evidence, quantitative_considerations, potential_applications, development_strategy, known_modulating_factors","event_ids, kers, stressors, sex_applicability, life_stage_applicability, taxonomy_applicability"
373,Mitochondrial dysfunction to metabolic diseases,,BY-SA,2.0,11.76,2,17,0,0,0,"abstract, authors, background, overall_assessment_description, overall_assessment_applicability, ke_essentiality, woe_evidence, quantitative_considerations, potential_applications, development_strategy, known_modulating_factors","event_ids, kers, stressors, sex_applicability, life_stage_applicability, taxonomy_applicability"
404,Metabolic Syndrome leading to Toll Like Receptor dysregulation,,BY-SA,2.0,11.76,2,17,0,0,0,"abstract, authors, background, overall_assessment_description, overall_assessment_applicability, ke_essentiality, woe_evidence, quantitative_considerations, potential_applications, development_strategy, known_modulating_factors","event_ids, kers, stressors, sex_applicability, life_stage_applicability, taxonomy_applicability"
408,Imbalance in redox homeostasis leading to structural damage to tissues,,BY-SA,2.0,11.76,2,17,0,0,0,"abstract, authors, background, overall_assessment_description, overall_assessment_applicability, ke_essentiality, woe_evidence, quantitative_considerations, potential_applications, development_strategy, known_modulating_factors","event_ids, kers, stressors, sex_applicability, life_stage_applicability, taxonomy_applicability"
438,reactive oxygen species generation leading to increased cardiovascular morbidity and mortality,,All rights reserved,2.0,11.76,2,17,0,0,0,"abstract, authors, background, overall_assessment_description, overall_assessment_applicability, ke_essentiality, woe_evidence, quantitative_considerations, potential_applications, development_strategy, known_modulating_factors","event_ids, kers, stressors, sex_applicability, life_stage_applicability, taxonomy_applicability"
446,PM-related Adverse outcome pathway frameworks on various systems,,BY-SA,2.0,11.76,2,17,0,0,0,"abstract, authors, background, overall_assessment_description, overall_assessment_applicability, ke_essentiality, woe_evidence, quantitative_considerations, potential_applications, development_strategy, known_modulating_factors","event_ids, kers, stressors, sex_applicability, life_stage_applicability, taxonomy_applicability"
448,"ROS, inflammation, and activation of nAChR lead to increased incidence of cardiovascular morbidity and mortality",,BY-SA,2.0,11.76,2,17,0,0,0,"abstract, authors, background, overall_assessment_description, overall_assessment_applicability, ke_essentiality, woe_evidence, quantitative_considerations, potential_applications, development_strategy, known_modulating_factors","event_ids, kers, stressors, sex_applicability, life_stage_applicability, taxonomy_applicability"
453,Reactive oxygen species and subsequent oxidative stress lead to increased incidence of digestive morbidity and mortality in the general population ,,BY-SA,2.0,11.76,2,17,0,0,0,"abstract, authors, background, overall_assessment_description, overall_assessment_applicability, ke_essentiality, woe_evidence, quantitative_considerations, potential_applications, development_strategy, known_modulating_factors","event_ids, kers, stressors, sex_applicability, life_stage_applicability, taxonomy_applicability"
461,Deposition of ionising energy leads to population decline via impaired oogenesis and spermatogenesis,,BY-SA,2.0,11.76,2,17,0,0,0,"abstract, authors, background, overall_assessment_description, overall_assessment_applicability, ke_essentiality, woe_evidence, quantitative_considerations, potential_applications, development_strategy, known_modulating_factors","event_ids, kers, stressors, sex_applicability, life_stage_applicability, taxonomy_applicability"
469,Reactive oxygen speicies overproduction leading to increased digestive morbidity and mortality in generation population,,BY-SA,2.5,10.53,2,19,0,0,0,"abstract, authors, background, overall_assessment_description, overall_assessment_applicability, ke_essentiality, woe_evidence, quantitative_considerations, potential_applications, development_strategy, known_modulating_factors","event_ids, kers, stressors, sex_applicability, life_stage_applicability, taxonomy_applicability"
514,PLK1 Activation leading to hepatocyte apoptosis-associate liver injury via autophagy-mediated excessive COX6A1 degradation and impaired function of mitochondrial respiratory chain complex IV ,,All rights reserved,2.6,10.53,2,19,0,0,0,"abstract, authors, background, overall_assessment_description, overall_assessment_applicability, ke_essentiality, woe_evidence, quantitative_considerations, potential_applications, development_strategy, known_modulating_factors","event_ids, kers, stressors, sex_applicability, life_stage_applicability, taxonomy_applicability"
515,An overview of adverse outcome pathway linked between PM2.5 exposure and congenital heart defects,,All rights reserved,2.6,10.53,2,19,0,0,0,"abstract, authors, background, overall_assessment_description, overall_assessment_applicability, ke_essentiality, woe_evidence, quantitative_considerations, potential_applications, development_strategy, known_modulating_factors","event_ids, kers, stressors, sex_applicability, life_stage_applicability, taxonomy_applicability"
607,Per and Polyfluoro Alkylating Substances and Microbiota-Gut-Brain Axis,,All rights reserved,2.7,10.53,2,19,0,0,0,"abstract, authors, background, overall_assessment_description, overall_assessment_applicability, ke_essentiality, woe_evidence, quantitative_considerations, potential_applications, development_strategy, known_modulating_factors","event_ids, kers, stressors, sex_applicability, life_stage_applicability, taxonomy_applicability"
617,The adverse outcome pathway of vascular calcification,,All rights reserved,2.7,10.53,2,19,0,0,0,"abstract, authors, background, overall_assessment_description, overall_assessment_applicability, ke_essentiality, woe_evidence, quantitative_considerations, potential_applications, development_strategy, known_modulating_factors","event_ids, kers, stressors, sex_applicability, life_stage_applicability, taxonomy_applicability"
621,NOX2 Driven Oxidative Stress-Induced α-Synuclein Radical Formation and Tau Nitration Leading to Neurodegeneration,,Open for adoption,2.7,10.53,2,19,0,0,0,"abstract, authors, background, overall_assessment_description, overall_assessment_applicability, ke_essentiality, woe_evidence, quantitative_considerations, potential_applications, development_strategy, known_modulating_factors","event_ids, kers, stressors, sex_applicability, life_stage_applicability, taxonomy_applicability"

AOP COMPLETION SCORE SUMMARY
Metric,Value
Total AOPs,,567
Average completion %,,54.89
Average raw score,,9.67
