Event ID,Title,Retention Score,Completion %,AOP Count,Has Method,OECD Endorsed,In OECD Program,Only Open for Adoption
1392,Oxidative Stress ,70,63,91.67,Yes,Yes,Yes,No
360,"Decrease, Population growth rate",68,61,100.0,Yes,Yes,Yes,No
1115,"Increase, Reactive oxygen species",64,58,100.0,Yes,No,Yes,No
177,Mitochondrial dysfunction,44,37,100.0,Yes,Yes,Yes,No
351,Increased Mortality,35,28,90.91,Yes,Yes,Yes,No
281," Thyroxine (T4) in serum, Decreased",33,26,100.0,Yes,Yes,Yes,No
1521,"Decrease, Growth",32,25,100.0,Yes,Yes,Yes,No
55,"Increase, Cell injury/death",29,22,100.0,Yes,Yes,Yes,No
341,"Impairment, Learning and memory",29,22,100.0,Yes,Yes,Yes,No
18,"Activation, AhR",29,22,91.67,Yes,Yes,Yes,No
277,"Thyroid hormone synthesis, Decreased",28,21,100.0,Yes,Yes,Yes,No
1771,"Decrease, Adenosine triphosphate pool",28,21,100.0,Yes,Yes,Yes,No
1262,Apoptosis,26,19,100.0,Yes,Yes,Yes,No
78,"Reduction, Cumulative fecundity and spawning",24,17,100.0,Yes,Yes,Yes,No
1686,Deposition of Energy,24,17,91.67,Yes,Yes,Yes,No
1446,"Decrease, Coupling of oxidative phosphorylation",24,17,100.0,Yes,Yes,Yes,No
350,"Increase, Mortality",23,16,100.0,Yes,Yes,Yes,No
563,"Death/Failure, Colony",23,21,54.55,No,No,No,No
402,"Cognitive function, decreased ",22,15,100.0,Yes,Yes,Yes,No
1821,"Decrease, Cell proliferation",22,15,100.0,Yes,Yes,Yes,No
1739,Binding to ACE2,21,15,100.0,Yes,No,Yes,No
286,"Altered, Transcription of genes by the androgen receptor",20,14,91.67,Yes,No,Yes,No
386,Decrease of neuronal network function,19,12,100.0,Yes,Yes,Yes,No
459,"Increased, Liver Steatosis",19,15,100.0,Yes,No,No,No
1614,"Decrease, androgen receptor activation",19,13,91.67,Yes,No,Yes,No
219,"Reduction, Plasma 17beta-estradiol concentrations",18,11,100.0,Yes,Yes,Yes,No
406,"decreased, Fertility",18,12,100.0,Yes,No,Yes,No
155,Inadequate DNA repair,18,11,91.67,Yes,Yes,Yes,No
1690,"Decrease, circulating testosterone levels ",18,12,100.0,Yes,No,Yes,No
221,"Reduction, Plasma vitellogenin concentrations",18,11,90.91,Yes,Yes,Yes,No
1496,"Increased, secretion of proinflammatory mediators",18,11,100.0,Yes,Yes,Yes,No
1825,"Increase, Cell death",18,11,100.0,Yes,Yes,Yes,No
185,"Increase, Mutations",17,10,91.67,Yes,Yes,Yes,No
279,"Thyroperoxidase, Inhibition",17,10,100.0,Yes,Yes,Yes,No
1003,"Decreased, Triiodothyronine (T3)",17,10,91.67,Yes,Yes,Yes,No
1005,"Reduced, Swimming performance",17,10,100.0,Yes,Yes,Yes,No
1194,"Increase, DNA damage",17,12,66.67,Yes,No,Yes,No
1635,"Increase, DNA strand breaks",17,10,91.67,Yes,Yes,Yes,No
1535,Heart failure ,17,11,100.0,Yes,No,Yes,No
188,Neuroinflammation,16,9,100.0,Yes,Yes,Yes,No
3,"Reduction, 17beta-estradiol synthesis by ovarian granulosa cells",16,9,100.0,Yes,Yes,Yes,No
758,"Hippocampal Physiology, Altered",16,9,100.0,Yes,Yes,Yes,No
309,"Reduction, Vitellogenin accumulation into oocytes and oocyte growth/development",16,9,100.0,Yes,Yes,Yes,No
1107,"Weakened, Colony",16,13,63.64,Yes,No,No,No
1457,Epithelial Mesenchymal Transition,16,10,100.0,Yes,No,Yes,No
1738,SARS-CoV-2 cell entry ,16,10,100.0,Yes,No,Yes,No
280,"Thyroxine (T4) in neuronal tissue, Decreased ",15,8,100.0,Yes,Yes,Yes,No
1493,Increased Pro-inflammatory mediators,15,8,91.67,Yes,Yes,Yes,No
227,"Activation, PPARα",15,9,83.33,Yes,No,Yes,No
26,"Antagonism, Androgen receptor",15,9,100.0,Yes,No,Yes,No
870,"Increase, Cell Proliferation",15,8,91.67,Yes,Yes,Yes,No
1497,"Increased, recruitment of inflammatory cells",15,8,91.67,Yes,Yes,Yes,No
1101,"Altered, Amphibian metamorphosis",15,11,100.0,Yes,No,No,No
896,Parkinsonian motor deficits,14,7,100.0,Yes,Yes,Yes,No
756,"Hippocampal gene expression, Altered ",14,7,100.0,Yes,Yes,Yes,No
352,"N/A, Neurodegeneration",14,7,100.0,Yes,Yes,Yes,No
944,"dimerization, AHR/ARNT",14,7,100.0,Yes,Yes,Yes,No
947,"Increase, Early Life Stage Mortality",14,7,100.0,Yes,Yes,Yes,No
285,"Reduction, Vitellogenin synthesis in liver",14,7,100.0,Yes,Yes,Yes,No
149,"Increase, Inflammation",14,8,100.0,Yes,No,Yes,No
389,"Increased, Intracellular Calcium overload",14,7,100.0,Yes,Yes,Yes,No
1505,"Cell cycle, disrupted",14,7,100.0,Yes,Yes,Yes,No
1847,Increased SARS-CoV-2 production,14,8,100.0,Yes,No,Yes,No
890,Degeneration of dopaminergic neurons of the nigrostriatal pathway,13,6,100.0,Yes,Yes,Yes,No
757,"Hippocampal anatomy, Altered ",13,6,100.0,Yes,Yes,Yes,No
12,Acetylcholinesterase (AchE) Inhibition,13,7,91.67,Yes,No,Yes,No
25,"Agonism, Androgen receptor",13,6,91.67,Yes,Yes,Yes,No
68,"Accumulation, Collagen",13,6,100.0,Yes,Yes,Yes,No
814,"Occurrence, Kidney toxicity",13,7,81.82,Yes,No,Yes,No
885,"Increase, Cancer",13,7,91.67,Yes,No,Yes,No
1250,"Decrease, Lung function",13,7,100.0,Yes,No,Yes,No
1634,"Increase, Oxidative DNA damage",13,6,100.0,Yes,Yes,Yes,No
961,"Increased, Clearance of thyroxine from serum",12,7,75.0,Yes,No,Yes,No
381,Reduced levels of BDNF,12,5,100.0,Yes,Yes,Yes,No
202,"Inhibition, Nuclear factor kappa B (NF-kB)",12,5,100.0,Yes,Yes,Yes,No
1492,Tissue resident cell activation,12,5,83.33,Yes,Yes,Yes,No
111,"Agonism, Estrogen receptor",12,8,100.0,Yes,No,No,No
291,"Accumulation, Triglyceride",12,8,100.0,Yes,No,No,No
388,"Overactivation, NMDARs",12,5,100.0,Yes,Yes,Yes,No
424,"Inhibition, Na+/I- symporter (NIS)",12,5,100.0,Yes,Yes,Yes,No
559,"Activation, Nicotinic acetylcholine receptor",12,9,66.67,Yes,No,No,No
560,"Abnormal, Foraging activity and behavior",12,9,63.64,Yes,No,No,No
1320,"Increased, extracellular serotonin",12,8,91.67,Yes,No,No,No
1613,"Decrease, dihydrotestosterone (DHT) levels",12,6,91.67,Yes,No,Yes,No
1669,"Increased, DNA damage and mutation",12,6,91.67,Yes,No,Yes,No
1524,"Increase, Premature molting",12,5,100.0,Yes,Yes,Yes,No
1065,"Activation, estrogen receptor alpha",12,6,91.67,Yes,No,Yes,No
889,"Proteostasis, impaired",11,4,100.0,Yes,Yes,Yes,No
385,Decrease of synaptogenesis,11,4,100.0,Yes,Yes,Yes,No
97,"Alkylation, DNA",11,4,91.67,Yes,Yes,Yes,No
10,Acetylcholine accumulation in synapses,11,5,100.0,Yes,No,Yes,No
344,"N/A, Liver fibrosis",11,4,100.0,Yes,Yes,Yes,No
425,Decrease of Thyroidal iodide,11,4,100.0,Yes,Yes,Yes,No
1617,"Inhibition, 5α-reductase",11,5,91.67,Yes,No,Yes,No
1002,"Inhibition, Deiodinase 2",11,4,91.67,Yes,Yes,Yes,No
1458,Pulmonary fibrosis,11,4,81.82,Yes,Yes,Yes,No
1502,Histone deacetylase inhibition,11,4,100.0,Yes,Yes,Yes,No
1353,Binding to voltage-gated sodium channel,11,4,100.0,Yes,Yes,Yes,No
1562,Decreased Na/K ATPase activity,11,5,91.67,Yes,No,Yes,No
1643,"Altered, Visual function",11,5,100.0,Yes,No,Yes,No
1670,Lung cancer,11,5,90.91,Yes,No,Yes,No
1901,"Interferon-I antiviral response, antagonized by SARS-CoV-2",11,5,100.0,Yes,No,Yes,No
1758,"Impaired, Spermatogenesis",11,5,100.0,Yes,No,Yes,No
1445,"Increase, Lipid peroxidation",11,7,91.67,Yes,No,No,No
1869,Diminished protective oxidative stress response,11,5,100.0,Yes,No,Yes,No
2118,"Succinate dehydrogenase, inhibited",11,5,100.0,Yes,No,Yes,No
887,"Inhibition, NADH-ubiquinone oxidoreductase  (complex I)",10,3,100.0,Yes,Yes,Yes,No
888,"Binding of inhibitor, NADH-ubiquinone oxidoreductase (complex I)",10,3,83.33,Yes,Yes,Yes,No
239,"Activation, Pregnane-X receptor, NR1l2",10,4,100.0,Yes,No,Yes,No
195,"Inhibition, NMDARs",10,3,83.33,Yes,Yes,Yes,No
317,"Altered, Cardiovascular development/function",10,3,100.0,Yes,Yes,Yes,No
36,"Inhibition, Aromatase",10,3,91.67,Yes,Yes,Yes,No
40,"Mitochondrial ATP production, decreased",10,7,41.67,No,No,Yes,No
87,"Release, Cytokine",10,4,83.33,Yes,No,Yes,No
209,Peptide Oxidation,10,4,100.0,Yes,No,Yes,No
179,"Decrease, Fatty acid beta-oxidation",10,7,75.0,Yes,No,No,No
265,"Activation, Stellate cells",10,3,100.0,Yes,Yes,Yes,No
619,"Inhibition, 5-hydroxytryptamine transporter (5-HTT; SERT)",10,6,100.0,Yes,No,No,No
709,"Increase, Cytotoxicity (renal tubular cell)",10,5,75.0,Yes,No,Yes,No
948,"reduced production, VEGF",10,3,100.0,Yes,Yes,Yes,No
1007,"Reduced, Anterior swim bladder inflation",10,3,100.0,Yes,Yes,Yes,No
1009,"Inhibition, Deiodinase 1",10,3,91.67,Yes,Yes,Yes,No
1495,Substance interaction with the lung resident cell membrane components,10,3,100.0,Yes,Yes,Yes,No
1461,"Increase, DNA double-strand breaks",10,4,58.33,Yes,Yes,Yes,No
1330,"Decreased, neuroplasticity",10,6,91.67,Yes,No,No,No
1366,"Decrease, Oogenesis",10,9,27.27,No,No,No,No
1636,"Increase, Chromosomal aberrations",10,3,91.67,Yes,Yes,Yes,No
1632,Increase in reactive oxygen and nitrogen species (RONS),10,5,58.33,Yes,No,Yes,No
1688,"anogenital distance (AGD), decreased",10,4,100.0,Yes,No,Yes,No
1172,"Increased activation, Nuclear factor kappa B (NF-kB)",10,4,100.0,Yes,No,Yes,No
1619,"Increase, DNA methyltransferase inhibition",10,7,25.0,No,No,Yes,No
1523,"Decrease, Cuticular chitin content",10,3,100.0,Yes,Yes,Yes,No
1863,"Decrease, Reproduction",10,9,27.27,No,No,No,No
405,"disrupted, ovarian cycle",9,3,100.0,Yes,No,Yes,No
52,"Decreased, Calcium influx",9,2,83.33,Yes,Yes,Yes,No
122,"Activation, Glucocorticoid Receptor",9,5,100.0,Yes,No,No,No
1487,"Binding, Thiol/seleno-proteins involved in protection against oxidative stress",9,2,83.33,Yes,Yes,Yes,No
1538,Decreased protection against oxidative stress,9,2,83.33,Yes,Yes,Yes,No
413,"Reduction, Testosterone synthesis in Leydig cells",9,3,83.33,Yes,No,Yes,No
79,"Inhibition, Cyclooxygenase activity",9,6,75.0,Yes,No,No,No
112,"Antagonism, Estrogen receptor",9,4,75.0,Yes,No,Yes,No
54,"Up Regulation, CD36",9,5,100.0,Yes,No,No,No
716,"Increase, cell proliferation (hepatocytes)",9,3,100.0,Yes,No,Yes,No
244,"Alkylation, Protein",9,2,83.33,Yes,Yes,Yes,No
398,"Activation, Dendritic Cells",9,2,83.33,Yes,Yes,Yes,No
272,"Activation/Proliferation, T-cells",9,2,81.82,Yes,Yes,Yes,No
396,"Covalent Binding, Protein",9,2,100.0,Yes,Yes,Yes,No
110,"Impairment, Endothelial network",9,2,91.67,Yes,Yes,Yes,No
618,"Decreased, Neuronal network function in adult brain",9,3,72.73,Yes,Yes,Yes,No
875,"Binding of agonist, Ionotropic glutamate receptors",9,2,83.33,Yes,Yes,Yes,No
851,Decrease of GABAergic interneurons,9,2,100.0,Yes,Yes,Yes,No
656,"Decreased, Chicken Ovalbumin Upstream Promoter Transcription Factor II (COUP-TFII)",9,5,100.0,Yes,No,No,No
752,"Altered, Meiotic chromosome dynamics",9,3,100.0,Yes,No,Yes,No
768,"Increase, Cytotoxicity",9,3,83.33,Yes,No,Yes,No
772,"Increase, Hyperplasia (glandular epithelial cells of endometrium)",9,3,100.0,Yes,No,Yes,No
850,"Induction, CYP1A2/CYP1A5",9,2,91.67,Yes,Yes,Yes,No
1106,"Occurrence, cardiac arrhythmia",9,8,36.36,No,No,No,No
898,"Disruption, Lysosome",9,3,91.67,Yes,No,Yes,No
1494,Leukocyte recruitment/activation,9,3,83.33,Yes,No,Yes,No
945,"reduced dimerization, ARNT/HIF1-alpha",9,2,91.67,Yes,Yes,Yes,No
959,"Increased, Free serum thyroxine (T4)",9,3,91.67,Yes,No,Yes,No
984,"Impairment, T-cell dependent antibody response",9,2,100.0,Yes,Yes,Yes,No
1004,"Reduced, Posterior swim bladder inflation",9,2,100.0,Yes,Yes,Yes,No
1498,Loss of alveolar capillary membrane integrity,9,2,83.33,Yes,Yes,Yes,No
1193,"N/A, Breast Cancer",9,3,100.0,Yes,No,Yes,No
1196,"Increased, Invasion",9,3,91.67,Yes,No,Yes,No
1503,"Histone acetylation, increase",9,2,100.0,Yes,Yes,Yes,No
1391,Activation of Cyp2E1,9,2,83.33,Yes,Yes,Yes,No
1532,"Decrease, Cardiac contractility ",9,6,27.27,No,No,Yes,No
2298,"Decrease, intratesticular testosterone levels",9,3,100.0,Yes,No,Yes,No
1848,Toll Like Receptor (TLR) Dysregulation,9,3,83.33,Yes,No,Yes,No
1756,"Decreased,  plasma 11-ketotestosterone level",9,3,100.0,Yes,No,Yes,No
2245,Altered Cell Differentiation Signaling,9,2,91.67,Yes,Yes,Yes,No
2089,Altered Bone Cell Homeostasis,9,2,100.0,Yes,Yes,Yes,No
1786,"Nipple retention (NR), increased",9,3,90.91,Yes,No,Yes,No
1790,"Increased, Differentiation to Testis ",9,2,100.0,Yes,Yes,Yes,No
1791,"Increased, Male Biased Sex Ratio",9,2,90.91,Yes,Yes,Yes,No
1522,"Inhibition, Chitin synthase 1",9,2,100.0,Yes,Yes,Yes,No
1846,Thrombosis and Disseminated Intravascular Coagulation,9,3,100.0,Yes,No,Yes,No
1501,"Increased, extracellular matrix deposition",9,4,50.0,Yes,No,Yes,No
1931,"Intestinal barrier, disruption",9,3,100.0,Yes,No,Yes,No
1944,Synaptic dysfunction,9,3,100.0,Yes,No,Yes,No
105,"Inhibition, Mitochondrial Electron Transport Chain Complexes",9,4,66.67,Yes,No,Yes,No
1977,Disruption of sodium channel gating kinetics,9,2,100.0,Yes,Yes,Yes,No
1983,"Disruption, action potential generation",9,2,91.67,Yes,Yes,Yes,No
2020,"Decrease, sox9 expression",9,2,83.33,Yes,Yes,Yes,No
2021,"Increase, slincR expression",9,2,100.0,Yes,Yes,Yes,No
2040,"Decrease, GLI1/2 target gene expression",9,3,91.67,Yes,No,Yes,No
2041,"Decrease, facial prominence outgrowth",9,3,91.67,Yes,No,Yes,No
2042,"Increase, Orofacial clefting",9,3,100.0,Yes,No,Yes,No
2043,"Decrease, Sonic Hedgehog second messenger production",9,3,100.0,Yes,No,Yes,No
2068,"Increase, Endothelial Dysfunction",9,2,100.0,Yes,Yes,Yes,No
2244,Altered Stress Response Signaling,9,2,91.67,Yes,Yes,Yes,No
858,"Decreased, PPARalpha transactivation of gene expression",8,1,100.0,Yes,Yes,Yes,No
861,"Decreased, Ketogenesis (production of ketone bodies)",8,1,100.0,Yes,Yes,Yes,No
862,"Not Increased, Circulating Ketone Bodies",8,1,100.0,Yes,Yes,Yes,No
864,"Decreased, Body Weight",8,1,100.0,Yes,Yes,Yes,No
863,"Increased, Catabolism of Muscle Protein",8,1,100.0,Yes,Yes,Yes,No
998,"Binding of antagonist, PPAR alpha",8,1,100.0,Yes,Yes,Yes,No
1000,"stabilization, PPAR alpha co-repressor",8,1,83.33,Yes,Yes,Yes,No
1528,"Fatty Acid Beta Oxidation, Decreased",8,1,91.67,Yes,Yes,Yes,No
295,"Induction, Upregulation of glucuronyltransferase activity",8,4,50.0,No,No,Yes,No
64,"Reduction, Ionotropic GABA receptor chloride channel conductance",8,1,83.33,Yes,Yes,Yes,No
616,"Occurrence, A paroxysmal depolarizing shift",8,1,100.0,Yes,Yes,Yes,No
613,"Occurrence, Epileptic seizure",8,1,100.0,Yes,Yes,Yes,No
667,"Binding at picrotoxin site, iGABAR chloride channel",8,1,100.0,Yes,Yes,Yes,No
669,"Reduction, Neuronal synaptic inhibition",8,1,100.0,Yes,Yes,Yes,No
682,"Generation, Amplified excitatory postsynaptic potential (EPSP)",8,1,91.67,Yes,Yes,Yes,No
201,"Binding of antagonist, NMDA receptors",8,2,75.0,Yes,Yes,Yes,No
382,"Aberrant, Dendritic morphology",8,1,83.33,Yes,Yes,Yes,No
383,"Reduced, Presynaptic release of glutamate",8,1,83.33,Yes,Yes,Yes,No
336,"Increase, Heritable mutations in offspring",8,1,81.82,Yes,Yes,Yes,No
39,Increased Cholinergic Signaling,8,3,63.64,Yes,No,Yes,No
447,"Reduction, Cholesterol transport in mitochondria",8,2,83.33,Yes,No,Yes,No
1269,"Increase, COX-2 expression",8,1,100.0,Yes,Yes,Yes,No
274,"Reduction, Testosterone synthesis by ovarian theca cells",8,1,100.0,Yes,Yes,Yes,No
129,"Reduction, Gonadotropins, circulating concentrations",8,1,90.91,Yes,Yes,Yes,No
228,peroxisome proliferator activated receptor promoter demethylation,8,4,83.33,Yes,No,No,No
719,"Increase, hepatocellular adenomas and carcinomas",8,5,41.67,No,No,Yes,No
826,"Activation, Keratinocytes",8,1,83.33,Yes,Yes,Yes,No
854,"Alterations, Cellular proliferation / hyperplasia",8,2,83.33,Yes,No,Yes,No
305,"Inhibition, VegfR2",8,1,83.33,Yes,Yes,Yes,No
28,"Reduction, Angiogenesis",8,2,75.0,Yes,Yes,Yes,No
530,"Decreased, GnRH pulsatility/release",8,4,100.0,Yes,No,No,No
531,"Decreased, LH Surge",8,4,100.0,Yes,No,No,No
584,"Inhibition, sodium channel",8,5,66.67,Yes,No,No,No
844,"Oxidation, Uroporphyrinogen",8,1,100.0,Yes,Yes,Yes,No
845,"Inhibition, UROD",8,1,91.67,Yes,Yes,Yes,No
846,"Accumulation, Highly carboxylated porphyrins",8,1,100.0,Yes,Yes,Yes,No
369,Uroporphyria,8,1,100.0,Yes,Yes,Yes,No
876,"Increase, Mutations in Critical Genes",8,2,83.33,Yes,No,Yes,No
1539,Endocytotic lysosomal uptake,8,2,100.0,Yes,No,Yes,No
932,"KE4 : Uncoupling, eNOS",8,2,100.0,Yes,No,Yes,No
952,Hypertension,8,2,100.0,Yes,No,Yes,No
979,"Interference, nuclear localization of NFAT",8,1,91.67,Yes,Yes,Yes,No
981,"Reduction, NFAT/AP-1 complex formation",8,1,100.0,Yes,Yes,Yes,No
1202,"Suppression, IL-2 and IL-4 production",8,1,91.67,Yes,Yes,Yes,No
980,"Inhibition, Calcineurin Activity",8,1,91.67,Yes,Yes,Yes,No
1016,"Inhibition, Feeding",8,4,100.0,Yes,No,No,No
1046,"Suppression, Estrogen receptor (ER) activity",8,2,100.0,Yes,No,Yes,No
1182,"Increase, Cell Proliferation (Epithelial Cells)",8,3,66.67,Yes,No,Yes,No
1190,"Increased, Migration (Endothelial Cells)",8,2,100.0,Yes,No,Yes,No
1241,"Increased, Motility",8,2,100.0,Yes,No,Yes,No
1252,Binding to (interferes with) topoisomerase II enzyme,8,1,91.67,Yes,Yes,Yes,No
1253, MLL chromosomal translocation,8,1,91.67,Yes,Yes,Yes,No
1254,Infant leukaemia,8,1,90.91,Yes,Yes,Yes,No
1276,Lung fibrosis,8,5,36.36,No,No,Yes,No
1506,Testicular atrophy,8,1,100.0,Yes,Yes,Yes,No
1515,Spermatocyte depletion,8,1,100.0,Yes,Yes,Yes,No
1335,"Reduced, BDNF (Brain-derived neurotrophic factor)",8,4,91.67,Yes,No,No,No
1339,"Increase, intracellular calcium",8,4,91.67,Yes,No,No,No
1350,"Increased, glutamate",8,4,100.0,Yes,No,No,No
1376,"Increase, angiogenesis",8,2,91.67,Yes,No,Yes,No
1393,Hepatocytotoxicity,8,1,91.67,Yes,Yes,Yes,No
1394,"Induction, persistent proliferation/sustained proliferation",8,1,91.67,Yes,Yes,Yes,No
1395,Liver Cancer,8,1,90.91,Yes,Yes,Yes,No
1556,"Increase, lung cancer",8,1,90.91,Yes,Yes,Yes,No
1542,"Inhibition, Mitochondrial complex III",8,4,100.0,Yes,No,No,No
1700,Impaired IL-1R1 signaling in T cell,8,1,100.0,Yes,Yes,Yes,No
1702,Suppression of  T cell activation,8,1,100.0,Yes,Yes,Yes,No
1599,Inflamatory events in light-exposed tissues,8,2,90.91,Yes,No,Yes,No
1616,"Malformation, cryptorchidism - maldescended testis",8,4,100.0,Yes,No,No,No
1640,"Altered, Photoreceptor patterning",8,2,83.33,Yes,No,Yes,No
1656,"Antagonism, Thyroid Receptor ",8,4,58.33,No,No,Yes,No
1668,Frustrated phagocytosis,8,2,91.67,Yes,No,Yes,No
1854,"Dysregulation, ACE2 expression and activity",8,3,66.67,Yes,No,Yes,No
1767,"Increase, Protein oxidation",8,7,25.0,No,No,No,No
1789,"Reduction, 17beta-estradiol synthesis by the undifferentiated gonad ",8,1,100.0,Yes,Yes,Yes,No
1878,"Decreased, Eye size",8,2,90.91,Yes,No,Yes,No
1841,Encephalitis,8,2,81.82,Yes,No,Yes,No
1868,Hyperinflammation,8,4,75.0,No,No,Yes,No
1880,"Decreased, ALDH1A (RALDH) enzyme activity",8,2,100.0,Yes,No,Yes,No
1881,"Decreased, all-trans retinoic acid (atRA) concentration",8,2,91.67,Yes,No,Yes,No
1883,"Decreased, size of the ovarian reserve",8,2,100.0,Yes,No,Yes,No
1896,Genomic instability,8,2,83.33,Yes,No,Yes,No
1971,"Increased, tumor growth",8,2,100.0,Yes,No,Yes,No
1982,metastatic breast cancer,8,2,90.91,Yes,No,Yes,No
2005,Altered neurotransmission in development,8,1,100.0,Yes,Yes,Yes,No
2119,"Insulin resistance, increased",8,4,100.0,Yes,No,No,No
2028,"Decrease, GLI1/2 translocation to nucleus ",8,2,91.67,Yes,No,Yes,No
2067,"Altered, Nitric Oxide Levels",8,1,91.67,Yes,Yes,Yes,No
2069,"Occurrence, Abnormal Vascular Remodeling ",8,1,100.0,Yes,Yes,Yes,No
2078,Loss of drebrin,8,2,100.0,Yes,No,Yes,No
2151,"Disruption, neurotransmitter release",8,4,91.67,Yes,No,No,No
2082,"Hypospadias, increased",8,4,100.0,Yes,No,No,No
2081,Increased Modified Proteins,8,1,91.67,Yes,Yes,Yes,No
2083,Occurrence of Cataracts,8,1,100.0,Yes,Yes,Yes,No
2090,"Increase, Bone Remodeling",8,1,91.67,Yes,Yes,Yes,No
2091,"Occurrence, Bone Loss",8,1,100.0,Yes,Yes,Yes,No
2097,"Increase, Pro-Inflammatory Mediators",8,1,91.67,Yes,Yes,Yes,No
2098,"Increase, Abnormal Neural Remodeling",8,1,91.67,Yes,Yes,Yes,No
2107,Hypomyelination,8,7,25.0,No,No,No,No
2251,"Estradiol availability, increased",8,4,100.0,Yes,No,No,No
408,"reduction in ovarian granulosa cells, Aromatase (Cyp19a1)",7,1,83.33,Yes,No,Yes,No
445,Respiratory distress/arrest,7,2,72.73,Yes,No,Yes,No
1488,Glutamate dyshomeostasis,7,1,66.67,Yes,Yes,Yes,No
266,"Decrease, Steroidogenic acute regulatory protein (STAR)",7,1,83.33,Yes,No,Yes,No
289,"Decrease, Translocator protein (TSPO)",7,1,83.33,Yes,No,Yes,No
348,"Malformation, Male reproductive tract",7,1,81.82,Yes,No,Yes,No
220,"Increase, Plasma vitellogenin concentrations",7,4,72.73,Yes,No,No,No
167,"Activation, LXR",7,3,100.0,Yes,No,No,No
313,"Increase, Allergic Respiratory Hypersensitivity Response",7,1,100.0,Yes,No,Yes,No
827,"sensitisation, skin",7,1,72.73,Yes,Yes,Yes,No
853,"Changes/Inhibition, Cellular Homeostasis and Apoptosis",7,1,83.33,Yes,No,Yes,No
856,"Formation, Hepatocellular and Bile duct tumors",7,1,81.82,Yes,No,Yes,No
298,"Insufficiency, Vascular",7,1,66.67,Yes,Yes,Yes,No
1001,"Increased, Developmental Defects",7,1,66.67,Yes,Yes,Yes,No
373,"Formation, Pro-mutagenic DNA Adducts",7,1,83.33,Yes,No,Yes,No
647,"Decreased, steroidogenic protein expression",7,3,100.0,Yes,No,No,No
1243,"Altered, Ca2+-calmodulin activated signal transduction",7,4,58.33,Yes,No,No,No
626,"Increased, serotonin (5-HT) ",7,5,50.0,No,No,No,No
718,"Binding, Tubulin",7,1,100.0,Yes,No,Yes,No
720,"Disruption, Microtubule dynamics",7,1,100.0,Yes,No,Yes,No
721,"Disorganization, Meiotic Spindle",7,1,100.0,Yes,No,Yes,No
728,"Increase, Aneuploid offspring",7,1,100.0,Yes,No,Yes,No
723,"Altered, Chromosome number",7,1,100.0,Yes,No,Yes,No
715,"Activation, Constitutive androstane receptor",7,1,91.67,Yes,No,Yes,No
1214,"Altered gene expression specific to CAR activation, Hepatocytes",7,1,100.0,Yes,No,Yes,No
867,"Decrease, Intracellular pH",7,1,83.33,Yes,No,Yes,No
868,"Increase, Tissue Degeneration, Necrosis & Atrophy ",7,1,83.33,Yes,No,Yes,No
869,"Increase, Respiratory or Squamous Metaplasia",7,1,83.33,Yes,No,Yes,No
941,"Activation, EGFR",7,1,100.0,Yes,No,Yes,No
962,"Increase, Mucin production",7,1,100.0,Yes,No,Yes,No
2117,"Increase, goblet cell number",7,1,83.33,Yes,No,Yes,No
927,"KE1 : S-Glutathionylation, eNOS",7,1,100.0,Yes,No,Yes,No
935,"KE2 : Decrease, GTPCH-1",7,1,100.0,Yes,No,Yes,No
934,"KE3 : Decrease, Tetrahydrobiopterin",7,1,100.0,Yes,No,Yes,No
933,"KE6 : Depletion, Nitric Oxide",7,1,91.67,Yes,No,Yes,No
937,"KE7 : Impaired, Vasodilation",7,1,100.0,Yes,No,Yes,No
951,"KE8 : Increase, Vascular Resistance",7,1,100.0,Yes,No,Yes,No
973,"KE5 : Decrease, AKT/eNOS activity",7,1,100.0,Yes,No,Yes,No
957,"Binding, Transthyretin in serum",7,2,75.0,Yes,No,Yes,No
958,"Displacement, Serum thyroxine (T4) from transthyretin",7,1,83.33,Yes,No,Yes,No
1075,"prolonged, estrus cycle",7,3,100.0,Yes,No,No,No
1076,"Increased, circulating estrogen levels",7,4,36.36,No,No,Yes,No
1499,"Increased, activation of T (T) helper (h) type 2 cells",7,1,50.0,Yes,Yes,Yes,No
1500,"Increased, fibroblast proliferation and myofibroblast differentiation",7,1,75.0,Yes,Yes,Yes,No
1438,"Transcription of genes encoding acute phase proteins, Increased",7,1,100.0,Yes,No,Yes,No
1439,Systemic acute phase response,7,1,100.0,Yes,No,Yes,No
1443,Atherosclerosis,7,1,100.0,Yes,No,Yes,No
1477,"Oxidative phosphorylation, decreased",7,4,50.0,Yes,No,No,No
1513,General Apoptosis,7,3,91.67,Yes,No,No,No
1559,Facial cartilage structures are reduced in size and morphologically distorted,7,2,41.67,Yes,Yes,Yes,No
1602,Increased Muscarinic Acetylcholine Receptors,7,3,100.0,Yes,No,No,No
1594,Oxidation of membrane lipids,7,1,83.33,Yes,No,Yes,No
1595,Oxidation/denatuation of membrane proteins,7,1,83.33,Yes,No,Yes,No
1651,Treatment-resistant gastric cancer,7,1,100.0,Yes,No,Yes,No
1754,"Increase, porcupine-induced Wnt secretion and Wnt signaling activation",7,1,100.0,Yes,No,Yes,No
1755,beta-catenin activation,7,1,100.0,Yes,No,Yes,No
1672,Inhibition of lung surfactant function,7,1,83.33,Yes,No,Yes,No
1673,Alveolar collapse,7,1,83.33,Yes,No,Yes,No
1708,Th17 cell migration and inflammation induction,7,2,66.67,Yes,No,Yes,No
1710,Binding to estrogen receptor (ER)-α in immune cells,7,1,83.33,Yes,No,Yes,No
1712,Increase of Th2 cells producing IL-4,7,1,83.33,Yes,No,Yes,No
1713,Increase of anti-DNA antibody from autoreactive B cell,7,1,83.33,Yes,No,Yes,No
1714,Exacerbation of systemic lupus erythematosus (SLE),7,1,81.82,Yes,No,Yes,No
1715,Inhibition of JAK3,7,1,100.0,Yes,No,Yes,No
1716,Blockade of STAT5 phosphorylation,7,1,100.0,Yes,No,Yes,No
1717,Suppression of STAT5 binding to cytokine gene promoters,7,1,100.0,Yes,No,Yes,No
1718,Suppression of IL-4 production,7,1,100.0,Yes,No,Yes,No
1719,Impairment of T-cell dependent antibody response,7,1,100.0,Yes,No,Yes,No
1720,Trypsin inhibition,7,1,83.33,Yes,No,Yes,No
1721,Increased intestinal monitor peptide level,7,1,90.91,Yes,No,Yes,No
1722,Increased blood CCK level,7,1,90.91,Yes,No,Yes,No
1723,Increased exocrine secretion from pancreatic acinar cells,7,1,83.33,Yes,No,Yes,No
1725,Pancreatic acinar cell tumors,7,1,83.33,Yes,No,Yes,No
1752,Increased Angiotensin II ,7,4,25.0,No,No,Yes,No
1800,"Granulosa cell proliferation of gonadotropin-independent follicles, Reduced",7,1,100.0,Yes,No,Yes,No
1877,"Altered, retinal layer structure",7,1,100.0,Yes,No,Yes,No
1840,"Inhibition, cytochrome oxidase",7,3,100.0,Yes,No,No,No
1857,"Platelet-neutrophil interactions, Increased ",7,2,58.33,Yes,No,Yes,No
1845,Coagulation,7,1,100.0,Yes,No,Yes,No
1875,Cerebrovascular disease (stroke),7,1,81.82,Yes,No,Yes,No
1879,"Bulky DNA adducts, increase",7,1,91.67,Yes,No,Yes,No
1882,"Disrupted, initiation of meiosis of oogonia in the ovary",7,1,91.67,Yes,No,Yes,No
1908,"Cilia Beat Frequency, Decreased",7,3,100.0,Yes,No,No,No
1909,"Mucociliary Clearance, Decreased",7,3,90.91,Yes,No,No,No
1954,"Gut microbiota, alteration",7,1,90.91,Yes,No,Yes,No
1939,"Viral infection and host-to-host transmission, proliferated",7,1,100.0,Yes,No,Yes,No
1972,"Increased, Steroidogenic acute regulatory protein (StAR) ",7,1,100.0,Yes,No,Yes,No
1973,"Increased, estrogens ",7,1,100.0,Yes,No,Yes,No
2092,"Promotion, Ovarian Cancer ",7,1,100.0,Yes,No,Yes,No
1980,Increased microRNA expression,7,1,83.33,Yes,No,Yes,No
1981,Decreased SIRT1 expression,7,1,83.33,Yes,No,Yes,No
1554,Increase Chromosomal Aberrations,7,1,83.33,Yes,No,Yes,No
2027,"Antagonism, Smoothened receptor",7,1,100.0,Yes,No,Yes,No
2044,"Decrease, Smoothend relocation and activation ",7,1,100.0,Yes,No,Yes,No
2242,"Abnormality, dendritic spine morphology",7,1,100.0,Yes,No,Yes,No
2108,"Altered, white brain matter",7,6,25.0,No,No,No,No
2152,Epigenetic modification process,7,1,83.33,Yes,No,Yes,No
2154,Uterine adenocarcinoma (endometrioid adenocarcinoma Type I),7,1,81.82,Yes,No,Yes,No
1928,increased，Vascular endothelial dysfunction,7,6,25.0,No,No,No,No
2161,"Increase, Vascular disrupting effects",7,6,27.27,No,No,No,No
2252,"Human leukocyte antigen DQ2/8-gluten complexes, formation",7,1,100.0,Yes,No,Yes,No
2253,"Gluten-reactive T cell receptors, generation",7,1,100.0,Yes,No,Yes,No
2254,"Gluten-reactive and transglutaminase 2 reactive B cell receptors, generation",7,1,100.0,Yes,No,Yes,No
2255,"Innate immune response, activation",7,1,91.67,Yes,No,Yes,No
2256,"Gluten-reactive B cells and transglutaminase 2-reactive B cells, activation",7,1,100.0,Yes,No,Yes,No
2257,Celiac disease,7,1,100.0,Yes,No,Yes,No
2260,"Gluten-reactive CD4+ T cells, activation",7,1,100.0,Yes,No,Yes,No
2275,"Gluten reactive adaptive T-cells with antigen presenting cells, co-localization",7,1,100.0,Yes,No,Yes,No
990,"Increase, Incomplete ecdysis",6,5,36.36,No,No,No,No
1703,Dysregulation of heart rate and vascular tone,6,1,63.64,Yes,No,Yes,No
41,"Inhibition, Bile Salt Export Pump (ABCB11)",6,1,75.0,Yes,No,Yes,No
307,"Increase, Vitellogenin synthesis in liver",6,3,75.0,Yes,No,No,No
115,"Increase, FA Influx",6,2,100.0,Yes,No,No,No
89,"Synthesis, De Novo Fatty Acid (FA)",6,2,100.0,Yes,No,No,No
233,"Decreased, PPAR-gamma activation",6,2,100.0,Yes,No,No,No
327,"Accumulation, Fatty acid",6,5,36.36,No,No,No,No
1171,"Increase, Clonal Expansion of Altered Hepatic Foci",6,1,66.67,Yes,No,Yes,No
139,"N/A, Hepatotoxicity, Hepatopathy, including a constellation of observable effects",6,1,75.0,Yes,No,Yes,No
165,"Activation, Long term AHR receptor driven direct and indirect gene expression changes",6,1,75.0,Yes,No,Yes,No
378,"Tumorigenesis, Hepatocellular carcinoma",6,1,72.73,Yes,No,Yes,No
376,"Increased, Induced Mutations in Critical Genes",6,1,75.0,Yes,No,Yes,No
409,"Metabolism of AFB1, Production of Reactive Electrophiles",6,1,75.0,Yes,No,Yes,No
491,"Clonal Expansion/Cell Proliferation, to form Altered Hepatic Foci (AHF)",6,1,72.73,Yes,No,Yes,No
493,"Increased, Insufficient repair or mis-repair of pro-mutagenic DNA adducts",6,1,75.0,Yes,No,Yes,No
675,"Reduced, Reproductive Success",6,5,36.36,No,No,No,No
520,"Decreased sperm quantity or quality in the adult, Decreased fertility ",6,5,36.36,No,No,No,No
566,"impaired, Larval development",6,5,36.36,No,No,No,No
1108,"Abnormal, Role change within caste",6,3,63.64,Yes,No,No,No
663,"Desensitization, Nicotinic acetylcholine receptor",6,3,66.67,Yes,No,No,No
585,"Decreased, Sodium conductance 1",6,4,58.33,No,No,No,No
586,"Reduced, swimming speed",6,3,63.64,Yes,No,No,No
588,"Increased, predation",6,5,36.36,No,No,No,No
1142,"Increased, valve movement",6,4,50.0,No,No,No,No
774,"Increase, Preneoplastic foci (hepatocytes)",6,3,41.67,No,No,Yes,No
1023,"Increased, Thyroid-stimulating hormone (TSH)",6,4,50.0,No,No,No,No
807,"Decreased, cholesterol",6,2,100.0,Yes,No,No,No
960,"Increased, Uptake of thyroxine into tissue",6,1,58.33,Yes,No,Yes,No
968,"Decreased, release of kisspeptin from anteroventral periventricular nucleus (AVPV) neurons ",6,2,91.67,Yes,No,No,No
1060,"Alteration, lipid metabolism",6,2,100.0,Yes,No,No,No
1116,"Decreased, Triiodothyronine (T3) in tissues",6,2,91.67,Yes,No,No,No
621,"Increase, cilia movement",6,3,50.0,Yes,No,No,No
1192,"Increased, Ductal Hyperplasia ",6,3,41.67,No,No,Yes,No
1239,"Altered, Gene Expression",6,3,58.33,Yes,No,No,No
1489,"N/A, Steatohepatisis",6,2,81.82,Yes,No,No,No
1386,"CYP7B activity, inhibition",6,2,83.33,Yes,No,No,No
1387,"7α-hydroxypregnenolone synthesis in the brain, decreased",6,2,83.33,Yes,No,No,No
1388,"Dopamine release in the brain, decreased",6,2,83.33,Yes,No,No,No
1417,NFE2/Nrf2 repression,6,5,25.0,No,No,No,No
1775,"Increase, Oocyte apoptosis",6,5,25.0,No,No,No,No
1472,"Decrease, ATP production",6,5,25.0,No,No,No,No
1512,Unfolded Protein Response,6,3,50.0,Yes,No,No,No
1527,"Increase, Cell membrane depolarization",6,3,25.0,No,No,Yes,No
1549,Liver Injury,6,3,54.55,Yes,No,No,No
1582,Impaired axonial transport,6,3,50.0,Yes,No,No,No
1583,Sensory axonal peripheral neuropathy,6,3,54.55,Yes,No,No,No
926,"Oxidation, Glutathione (To be considered with MIE)",6,2,91.67,Yes,No,No,No
1615,Impaired inguinoscrotal testicular descent phase,6,2,100.0,Yes,No,No,No
1695,Impaired ovulation,6,2,90.91,Yes,No,No,No
1706,"Stimulation, TLR7/8",6,1,58.33,Yes,No,Yes,No
1707,"Increase, IL-23 from matured dendritic cells",6,1,66.67,Yes,No,Yes,No
1709,Psoriatic skin disease,6,1,63.64,Yes,No,Yes,No
1822,Maturation of TNF/iNOS-Producing Dendritic Cells,6,1,58.33,Yes,No,Yes,No
1711,Induction of GATA3 expression,6,1,75.0,Yes,No,Yes,No
1724,Acinar cell proliferation,6,1,75.0,Yes,No,Yes,No
1365,"Increase, Apoptosis",6,5,25.0,No,No,No,No
2147,"Decreased, Viable Offspring",6,2,90.91,Yes,No,No,No
328,"Decrease, Fecundity",6,5,27.27,No,No,No,No
1798,Decreased spermatogenesis ,6,3,27.27,No,No,Yes,No
1895,"NLRP3 inflammasome activity, increased",6,3,66.67,Yes,No,No,No
902,"Inflammation, Liver",6,2,81.82,Yes,No,No,No
1787,"Downregulation, ACE2",6,3,25.0,No,No,Yes,No
1866,"Fibrinolysis, decreased",6,1,66.67,Yes,No,Yes,No
1867,"Bradykinin system, hyperactivated",6,1,75.0,Yes,No,Yes,No
1986,"Decreased, Gonadotropins",6,2,100.0,Yes,No,No,No
2124,"increased, Bax expression",6,2,100.0,Yes,No,No,No
2121,"decreased, Intellectual Quotient",6,2,81.82,Yes,No,No,No
2146,"Activation of mitogen-activated protein kinase kinase, extracellular signal-regulated kinase 1/2",6,2,91.67,Yes,No,No,No
2153,"Expression of factors ruling proliferation, modified",6,1,75.0,Yes,No,Yes,No
2181,Angiogenesis dysfunction,6,5,27.27,No,No,No,No
2202,Altered expression of cell cycle genes,6,3,50.0,Yes,No,No,No
2203,Decreased proliferation of cortical neural progenitor cells,6,3,58.33,Yes,No,No,No
2268,"Decreased, insulin-induced gene 1 (INSIG1) protein activity",6,2,100.0,Yes,No,No,No
2269,"Increased, Sterol Regulatory Element Binding Protein 2 (SREBP2) protein expression ",6,2,100.0,Yes,No,No,No
2271,"Increased, plasma low-density lipoprotein (LDL) cholesterol ",6,2,100.0,Yes,No,No,No
2291,Slowed Heart Rate ,6,2,83.33,Yes,No,No,No
2363,Elevated mitochondrial ROS and dysfunction,6,2,100.0,Yes,No,No,No
2384,"Decrease, Vascular integrity",6,2,91.67,Yes,No,No,No
245,"Activation, PXR/SXR",5,2,41.67,No,No,Yes,No
403,"Suppression, Immune system",5,4,36.36,No,No,No,No
178,"Mitochondrial electron transport chain, disrupted",5,4,41.67,No,No,No,No
252,"Increase, Renal pathology due to VTG deposition",5,2,72.73,Yes,No,No,No
759,"Increased, Kidney Failure",5,4,36.36,No,No,No,No
1170,"Increase, Phenotypic enzyme activity",5,1,66.67,No,No,Yes,No
462,"Up Regulation, SCD-1",5,4,41.67,No,No,No,No
186,"Altered, Neuroanatomy",5,1,81.82,Yes,No,No,No
655,"Decreased testosterone by the fetal Leydig cells, Increased COUP-TFII in fetal Leydig cells",5,4,33.33,No,No,No,No
564,"Abnormal, Roll change within caste",5,4,27.27,No,No,No,No
572,"Decrease, Number of worker bees",5,4,36.36,No,No,No,No
587,"Reduced, feeding 1",5,2,54.55,Yes,No,No,No
593,"Inhibition, Ether-a-go-go (ERG) voltage-gated potassium channel ",5,2,66.67,Yes,No,No,No
698,"Altered, Action Potential",5,4,41.67,No,No,No,No
739,"Increase, Hypertrophy and proliferation (follicular cell)",5,3,50.0,No,No,No,No
740,"Increase, Hyperplasia (follicular cells)",5,3,50.0,No,No,No,No
741,"Increase, Adenomas/carcinomas (follicular cell)",5,3,50.0,No,No,No,No
819,"Decreased, Glomerular filtration",5,1,50.0,No,No,Yes,No
820,"Decreased, Renal plasma flow",5,1,50.0,No,No,Yes,No
831,"Disturbance, Lysosomal function",5,2,41.67,No,No,Yes,No
1097,"Occurrence, renal proximal tubular necrosis",5,4,41.67,No,No,No,No
1098,"Increased, blood potassium concentration",5,4,41.67,No,No,No,No
1047,"Increased, secretion of GnRH from hypothalamus",5,2,41.67,No,No,Yes,No
1050,"Increased, secretion of LH from anterior pituitary",5,2,33.33,No,No,Yes,No
1052,"Hyperplasia, ovarian epithelium",5,2,41.67,No,No,Yes,No
1053,"Promotion, ovarian adenomas",5,2,33.33,No,No,Yes,No
1066,"Promotion, Sine oculis homeobox 1 positive progenitor cells in endometrium",5,1,100.0,Yes,No,No,No
1068,"Endometrial squamous metaplasia, Increase",5,1,100.0,Yes,No,No,No
1070,"Increased, adenosquamous carcinomas of endometrium",5,1,100.0,Yes,No,No,No
2329,"Sine oculis homeobox 1 gene expression, increased",5,1,100.0,Yes,No,No,No
2330,"Sine oculis homeobox 1 protein expression, increased",5,1,100.0,Yes,No,No,No
1829,"Altered, Thyroid hormone-dependent gene expression",5,4,33.33,No,No,No,No
1158,"Increased, Hepatic thyroid hormone uptake/transport",5,4,41.67,No,No,No,No
1141,"Decreased, Reproductive Success",5,4,27.27,No,No,No,No
1270,Inactivation of PPARγ,5,2,33.33,No,No,Yes,No
1277,Reproductive failure,5,4,36.36,No,No,No,No
1321,"Increased, intracellular sodium (Na+)",5,4,25.0,No,No,No,No
1363,"Increased, epilepsy",5,4,27.27,No,No,No,No
1389,"Locomotor activity, decreased",5,1,81.82,Yes,No,No,No
1390,"Sexual behavior, decreased",5,1,90.91,Yes,No,No,No
1426,Release of G Proteins,5,4,25.0,No,No,No,No
1475,"Decrease, Photosynthesis",5,4,25.0,No,No,No,No
1529,"Blockade, L-Type Calcium Channels ",5,2,33.33,No,No,Yes,No
1548,Necrotic Tissue,5,2,50.0,Yes,No,No,No
1557,"Neural crest cell migration, reduced",5,2,50.0,Yes,No,No,No
1560,"Cell differentiation, altered",5,1,91.67,Yes,No,No,No
1585,Proteasomal dysfunction,5,2,50.0,Yes,No,No,No
1586,Airway epithelial injury,5,2,50.0,Yes,No,No,No
1623,"Occurrence, Focal Seizure",5,1,100.0,Yes,No,No,No
1788,Status epilepticus,5,1,100.0,Yes,No,No,No
1605,Accumulation of misfolded proteins,5,2,50.0,Yes,No,No,No
1609,"Inhibition, Cytochrome P450 enzyme (CYP17A1) activity",5,1,83.33,Yes,No,No,No
1610,"Reduction, dehydroepiandrosterone",5,1,83.33,Yes,No,No,No
1611,"Reduction, androstenedione",5,1,83.33,Yes,No,No,No
1693,"Decreased, Progesterone levels",5,1,83.33,Yes,No,No,No
860,"Decreased, Mitochondrial Fatty Acid Beta Oxidation",5,1,100.0,Yes,No,No,No
1740,Induced dysregulation of ACE2 ,5,2,25.0,No,No,Yes,No
1851,"Binding of agonist, Angiotensin II receptor type 1 receptor (AT1R)",5,2,25.0,No,No,Yes,No
1748,"Increase, the risk of acute respiratory failure",5,2,27.27,No,No,Yes,No
1750,Increased inflammatory immune responses,5,2,25.0,No,No,Yes,No
1768,"Increase, Abnormal osmoregulation",5,1,83.33,Yes,No,No,No
1761,"Inhibition, Fin regeneration",5,1,100.0,Yes,No,No,No
1773,"Decrease, Global DNA methylation",5,4,25.0,No,No,No,No
1774,"Increase, Caspase transcription",5,4,25.0,No,No,No,No
1837,decreased oocyte maturation,5,2,27.27,No,No,Yes,No
996,"Decrease, Digestion of old cuticle",5,2,27.27,No,No,Yes,No
2312,"Increased, nasal lesions",5,1,100.0,Yes,No,No,No
1852,Increased Ang II type 1 receptor (AT1R),5,2,25.0,No,No,Yes,No
1870,"Sustentacular cells, decrease ",5,1,50.0,No,No,Yes,No
1871,"olfactory sensory neurons, decrease ",5,1,50.0,No,No,Yes,No
1884,Inhibition of Fyna,5,1,100.0,Yes,No,No,No
1885,Inhibition of Plxna2,5,1,91.67,Yes,No,No,No
1886,Overexpression of rasl11b,5,1,83.33,Yes,No,No,No
1888,Increased (ectopic) all-trans retinoic acid concentration,5,1,83.33,Yes,No,No,No
1889,Premature initiation of meiosis in fetal male germ cells,5,1,83.33,Yes,No,No,No
1890,Decrease (loss of) fetal male germ cells,5,1,83.33,Yes,No,No,No
1887,Inhibition of CYP26B1 activity,5,1,83.33,Yes,No,No,No
1930,"altered, inner ear development",5,1,100.0,Yes,No,No,No
1008,"Reduced, Hearing",5,1,81.82,Yes,No,No,No
1647,GSK3beta inactivation,5,1,91.67,Yes,No,No,No
1902,Repression of Gbx2 expression,5,1,83.33,Yes,No,No,No
1913,Endothelial cell dysfunction ,5,2,25.0,No,No,Yes,No
1906,"Cystic Fibrosis Transmembrane Regulator Function, Decreased",5,1,100.0,Yes,No,No,No
1907,"Airway Surface Liquid Height, Decreased ",5,1,100.0,Yes,No,No,No
1911,"FOXJ1 Protein, Decreased",5,1,100.0,Yes,No,No,No
1912,"Motile Cilia Number/Length, Decreased",5,1,100.0,Yes,No,No,No
1974,Activation of Tumor Protein 53,5,1,83.33,Yes,No,No,No
901,"Infiltration, Inflammatory cells",5,1,83.33,Yes,No,No,No
2037,Inositol triphosphate receptor activation,5,2,50.0,Yes,No,No,No
191,Neuronal dysfunction,5,2,58.33,Yes,No,No,No
2243,Succinate Accumulation,5,2,25.0,No,No,Yes,No
446,"Reduction, fetal/adult testosterone ",5,1,83.33,Yes,No,No,No
2215,Decrease Left Ventricular function,5,2,27.27,No,No,Yes,No
130,"Depletion, GSH",5,1,100.0,Yes,No,No,No
2131,"Conjugation, GSH",5,1,100.0,Yes,No,No,No
2155,Inhibition of Sulfotransferase E1 (SULT1E1),5,1,100.0,Yes,No,No,No
2158,Influenza A Virus (IAV) binds sialic acid glycan receptor,5,1,91.67,Yes,No,No,No
2159,Influenza A virus (IAV) cell entry,5,1,91.67,Yes,No,No,No
2180,Immune mechanisms antagonized by viral proteins,5,1,100.0,Yes,No,No,No
2199,"Increased, Expression of LXR activated genes",5,1,91.67,Yes,No,No,No
2205,"Increased, essential element imbalance",5,1,83.33,Yes,No,No,No
2206,"Increased, histomorphological alteration of testis",5,1,100.0,Yes,No,No,No
2212,Epididymal agenesis ,5,1,100.0,Yes,No,No,No
2213,"Impaired, urethral tube closure ",5,1,100.0,Yes,No,No,No
2214,"Decreased, Insulin-like peptide 3 (INSL3)",5,1,100.0,Yes,No,No,No
2224,Dysregulation of transcriptional expression within PPAR signaling network,5,1,100.0,Yes,No,No,No
2225,Disrupted Lipid Storage,5,1,100.0,Yes,No,No,No
2226,Stressor binding PPAR isoforms ,5,1,100.0,Yes,No,No,No
2227,Disrupted PPAR isoform nuclear signaling,5,1,100.0,Yes,No,No,No
2236,"Decreased, Sodium uptake in gills",5,1,91.67,Yes,No,No,No
2237,"Decreased, Plasma sodium concentrations",5,1,91.67,Yes,No,No,No
2238,"Increased, Blood viscosity",5,1,91.67,Yes,No,No,No
2239,"Increased, Cardiac stress",5,1,100.0,Yes,No,No,No
2261,"Decreased, blood plasma volume",5,1,91.67,Yes,No,No,No
2266,"Demyelination, increased",5,3,66.67,No,No,No,No
2270,"Increased, cholesterol synthesis enzymes ",5,1,100.0,Yes,No,No,No
2274,"Androgen receptor activation, increased",5,1,91.67,Yes,No,No,No
2276,"Increased, protein expression of proprotein convertase subtilisin/kexin type 9 (PCSK9)",5,1,100.0,Yes,No,No,No
2066,Altered Signaling Pathways,5,1,83.33,Yes,No,No,No
2280,Increased delay in heart electrical conduction,5,2,63.64,Yes,No,No,No
2293,"Aromatase, induction",5,1,100.0,Yes,No,No,No
2305,Premature ovarian Insufficiency,5,1,100.0,Yes,No,No,No
2299,"Altered, Redox Homeostasis",5,1,83.33,Yes,No,No,No
2300,"Disruption, Glucolipid metabolism",5,1,83.33,Yes,No,No,No
2301,"Abnormal, Behavior",5,1,81.82,Yes,No,No,No
2302,"Increase, Malformations",5,1,81.82,Yes,No,No,No
2250,"17β-Hydroxysteroid dehydrogenase 2, inhibition",5,1,91.67,Yes,No,No,No
2306,Persistent vaginal cornification,5,1,100.0,Yes,No,No,No
2308,"Increased, stimulation of brain serotonin 5-HT1a, 5-HT2c receptors",5,1,100.0,Yes,No,No,No
2316,"Increased, pulmonary edema",5,1,100.0,Yes,No,No,No
2317,Loss of olfactory function,5,1,100.0,Yes,No,No,No
2362,Redox cycling of a chemical by mitochondria,5,1,91.67,Yes,No,No,No
2370,"Antagonism binding, α1-Adrenoreceptor ",5,1,100.0,Yes,No,No,No
2371,Increased cortisol,5,1,100.0,Yes,No,No,No
2258,"Inhibition, monocarboxylate transporter 8 (MCT8)",5,1,91.67,Yes,No,No,No
2393,"Androgen receptor nuclear transcriptional activity in genital-tubercle tissues, reduced ",5,1,91.67,Yes,No,No,No
2399,"Fibroblast growth factor 10, fibroblast growth factor receptor 2 isoform IIIb signaling in genital tissue, reduced",5,1,91.67,Yes,No,No,No
2400,"Preputial epithelial morphogenesis, disrupted",5,1,100.0,Yes,No,No,No
2401,"Male preputial separation, failed/delayed",5,1,91.67,Yes,No,No,No
988,"Decrease, Circulating ecdysis triggering hormone",4,3,33.33,No,No,No,No
1266,"Decrease, Circulating crustacean cardioactive peptide",4,3,41.67,No,No,No,No
1267,"Decrease, Ecdysis motor program activity",4,3,41.67,No,No,No,No
993,"Decrease, Abdominal muscle contraction",4,3,41.67,No,No,No,No
288,"Activation of specific nuclear receptors, Transcriptional change",4,1,41.67,No,No,Yes,No
214,"Bile accumulation, Pathological condition",4,1,41.67,No,No,Yes,No
357,"Cholestasis, Pathology",4,1,36.36,No,No,Yes,No
119,"N/A, Gap",4,1,66.67,Yes,No,No,No
364,"Impaired development of, Reproductive organs",4,3,36.36,No,No,No,No
66,"Activation, ChREBP",4,2,58.33,No,No,No,No
46,"Accumulation, Biological membranes",4,1,41.67,No,No,Yes,No
169,"Disruption, Membrane integrity",4,1,41.67,No,No,Yes,No
414,"Increase, Luteinizing hormone (LH) ",4,1,41.67,No,No,Yes,No
415,"Hyperplasia, Leydig cell",4,1,41.67,No,No,Yes,No
416,"Increase proliferation, Leydig cell ",4,1,41.67,No,No,Yes,No
451,"Inhibition, Mitochondrial fatty acid beta-oxidation",4,3,41.67,No,No,No,No
465,"Increased, FA Influx",4,3,41.67,No,No,No,No
505,"Decreased sperm quantity / quality in the adult, Decreased fertility ",4,3,36.36,No,No,No,No
565,"Reduced, Brood care",4,3,36.36,No,No,No,No
568,"impaired, Hive thermoregulation",4,3,36.36,No,No,No,No
444,"Increased, Atrioventricular block and bradycardia",4,1,63.64,Yes,No,No,No
598,"modulation, sodium channel",4,1,66.67,Yes,No,No,No
625,"Increased, muscular waves in foot",4,1,54.55,Yes,No,No,No
761,"Increased, Chloride conductance",4,3,41.67,No,No,No,No
763,"hyperpolarisation, neuron",4,3,41.67,No,No,No,No
780,"Increase, Cytotoxicity (epithelial cells)",4,2,50.0,No,No,No,No
800,"Decreased, Aromatase (Cyp19a1) mRNA",4,2,50.0,No,No,No,No
821,"Decreased, Sodium reabsorption",4,1,45.45,No,No,Yes,No
813,"Increased, Serum creatinine",4,1,45.45,No,No,Yes,No
823,"Occurrence, Cystic dilatation (renal tubule)",4,1,45.45,No,No,Yes,No
824,"Occurrence, Cytoplasmic vacuolization (podocyte)",4,1,45.45,No,No,Yes,No
818,"Occurrence, Cytoplasmic vacuolization (Renal tubule)",4,1,45.45,No,No,Yes,No
825,"Decreased, Renal ability to dilute urine",4,1,45.45,No,No,Yes,No
828,"Inhibition, Phospholipase A",4,1,33.33,No,No,Yes,No
829,"Damage, Lipid bilayer",4,1,33.33,No,No,Yes,No
833,"Occurrence, Cytoplasmic vacuolization (hepatocyte)",4,1,41.67,No,No,Yes,No
835,"Occurrence, Ballooning degeneration (hepatocyte)",4,1,41.67,No,No,Yes,No
837,"Occurrence, Cytoplasmic vacuolization (kupffer cell)",4,1,41.67,No,No,Yes,No
838,"Induction, Microvesicular fat",4,1,33.33,No,No,Yes,No
839,"Formation, Mallory body",4,1,33.33,No,No,Yes,No
840,"Formation, Liver fibrosis",4,1,41.67,No,No,Yes,No
836,"Occurrence, Cytoplasmic vacuolization (Bile duct cell)",4,1,41.67,No,No,Yes,No
872,"Increase, Site of Contact Nasal Tumors",4,1,45.45,No,No,Yes,No
877,"Inhibition, organic anion transporter 1 (OAT1)",4,1,58.33,Yes,No,No,No
1891,"abnormal, placental vasculature morphology",4,1,25.0,No,No,Yes,No
1892,"increase, placental insufficiency",4,1,27.27,No,No,Yes,No
1893,"increase, Preeclampsia",4,1,27.27,No,No,Yes,No
1012,"Increased, Inhibitory postsynaptic potential",4,3,41.67,No,No,No,No
1015,"Increased, Neuronal synaptic inhibition",4,3,41.67,No,No,No,No
1122,"Under carboxylated clotting factors will not assemble on cell surfaces to form clot, Failure of secondary hemostasis  ",4,1,33.33,No,No,Yes,No
1130,"Failure in vascular repair mechanisms, Unresolved blood loss (hemorrhage)",4,1,36.36,No,No,Yes,No
1131,"Failure in gamma-glutamyl carboxylation of  clotting factors II, VII, IX and X, Under carboxylation of clotting factors (e.g., des-gamma-carboxy prothrombin) ",4,1,33.33,No,No,Yes,No
1132,"Blood loss and development of anemia, Impaired oxygen delivery and nutrient delivery to tissue, impaired carbon dioxide and waste product removal",4,1,33.33,No,No,Yes,No
1133,"Hemostasis, Depletion from blood of fully functional carboxylated clotting factors",4,1,33.33,No,No,Yes,No
1134,"Irreversible inhibition of hepatic VKOR by binding of AR at tyrosine 139, Failure to cycle vitamin K epoxide to vitamin K to form vitamin K hydroquinone",4,1,33.33,No,No,Yes,No
1135,"Reduced fitness or even mortality, Acidosis, hypovolemic shock and organ dysfunction",4,1,33.33,No,No,Yes,No
1136,"Impaired recruitment , Population trajectory",4,1,36.36,No,No,Yes,No
1138,"Uncoupling of oxidative phosphorylation, Reduced ability to generate ATP",4,1,41.67,No,No,Yes,No
1151,"Osteoporosis and vascular calcification, Bone deterioration",4,1,36.36,No,No,Yes,No
1169,"Anticoagulant rodenticide interferes with carboxylation of Gla proteins in bone, Impairment of post-translational modification (carboxylation) of osteocalcin",4,1,33.33,No,No,Yes,No
1198,"Activation, Macrophages",4,3,41.67,No,No,No,No
1271,Activation of TGF-β signaling,4,1,25.0,No,No,Yes,No
1275,Collagen Deposition,4,1,25.0,No,No,Yes,No
1347,"Decreased, extracellular serotonin",4,7,25.0,No,No,No,Yes
1348,"Increase, seizure",4,3,27.27,No,No,No,No
1349,"Activated, presynaptic neuron 1",4,3,25.0,No,No,No,No
1481,Inhibition of mitochondrial DNA polymerase gamma (Pol gamma),4,1,25.0,No,No,Yes,No
1482,"Depletion, mtDNA ",4,1,25.0,No,No,Yes,No
1486,"Binding of substrate, endocytic receptor",4,1,25.0,No,No,Yes,No
1508,CYP2E1 Activation,4,1,50.0,Yes,No,No,No
1509,Protein Adduct Formation,4,1,50.0,Yes,No,No,No
1511,Lipid Peroxidation,4,1,50.0,Yes,No,No,No
1514,Neurodegeneration,4,1,54.55,Yes,No,No,No
1530,"Decrease, Calcium currents",4,1,25.0,No,No,Yes,No
1531,"Decrease, Calcium binding to Troponin C",4,1,25.0,No,No,Yes,No
1533,"Decrease, Cardiac ejection fraction ",4,1,27.27,No,No,Yes,No
1536,"Disruption, Intracellular calcium mobilization",4,1,25.0,No,No,Yes,No
1537,"Disruption, Sarcomere assembly",4,1,25.0,No,No,Yes,No
2064,"Increase, Cytosolic calcium",4,1,25.0,No,No,Yes,No
2070,"Increase, Glycolysis",4,1,25.0,No,No,Yes,No
2071,"Decrease, Glucose pool",4,1,25.0,No,No,Yes,No
2072,"Increase, Mitochondrial swelling",4,1,25.0,No,No,Yes,No
1543,Mitochondrial Complex IV inhibition,4,2,41.67,Yes,No,No,No
1558,"Collagen production, reduced",4,1,50.0,Yes,No,No,No
1561,Neural tube defects,4,2,41.67,Yes,No,No,No
1563,Decreased proximal tubular vectorial transport,4,1,50.0,Yes,No,No,No
1564,Chemical induced Fanconi syndrome,4,1,54.55,Yes,No,No,No
1574,"Inhibition, IKK complex",4,1,50.0,Yes,No,No,No
1575,"Activation, Caspase 8 pathway",4,1,50.0,Yes,No,No,No
1580,Binding of microtubule stabilizing agents (MSA) to microtubules,4,1,50.0,Yes,No,No,No
1581,Disturbance in microtubule dynamic instability,4,1,50.0,Yes,No,No,No
1584,Interaction of α-diketones with arginine residues,4,1,50.0,Yes,No,No,No
1587,Fibroproliferative airway lesions,4,1,50.0,Yes,No,No,No
1588,Bronchiolitis obliterans,4,1,54.55,Yes,No,No,No
1604,Inhibition of N-linked glycosylation,4,1,50.0,Yes,No,No,No
1627,Inhibition of tyrosinase ,4,1,25.0,No,No,Yes,No
1628,Reduction of L-Dopaquinone,4,1,25.0,No,No,Yes,No
1629,Reduction in melanin level,4,1,25.0,No,No,Yes,No
1630,Reduction of melanosome level,4,1,25.0,No,No,Yes,No
1631,Reduction fo Pigmentation pattern ,4,1,27.27,No,No,Yes,No
1637,Retinaldehyde dehydrogenase inhibition,4,1,25.0,No,No,Yes,No
1641,Decreased retinoic acid (RA) synthesis,4,1,25.0,No,No,Yes,No
1642,Decreased plasma RA level,4,1,25.0,No,No,Yes,No
1677,Reduced tidal volume ,4,1,27.27,No,No,Yes,No
1696,Decrease of egg production and cummulative fecundity,4,3,27.27,No,No,No,No
1757,"Reduce, Sperm count",4,3,27.27,No,No,No,No
2327,"Decrease, Cell growth",4,3,25.0,No,No,No,No
1770,"Decrease, Mitochondrial membrane potential",4,3,25.0,No,No,No,No
1799,Inhibition of 11β-HSD ,4,1,25.0,No,No,Yes,No
1796,11β-hydroxylase inhibition,4,1,25.0,No,No,Yes,No
1835,Cortisol and 11β-(OH) testosterone decreased,4,1,25.0,No,No,Yes,No
1836,Decreased plasma Cortisol level,4,1,25.0,No,No,Yes,No
1806,"Inhibition, Chitinase ",4,1,25.0,No,No,Yes,No
1807,"Inhibition, Chitobiase",4,1,25.0,No,No,Yes,No
1525,"Increase, Sulfonylurea receptor binding",4,1,25.0,No,No,Yes,No
1526,"Increase, Opening of voltage-dependent calcium channel",4,1,25.0,No,No,Yes,No
1633,Increase in inflammation,4,3,25.0,No,No,No,No
1849,Impaired gustatory nerve,4,1,25.0,No,No,Yes,No
1850,dysgeusia,4,1,27.27,No,No,Yes,No
1856,Imbalanced salty and sweet taste responses,4,1,25.0,No,No,Yes,No
1743,Increase plasma Ang II,4,1,25.0,No,No,Yes,No
2096,"Occurrence, (Micro)vascular dysfunction",4,1,58.33,Yes,No,No,No
1862,"Decrease, Photosystem II efficiency",4,3,25.0,No,No,No,No
1872,Olfactory epithelium degeneration,4,1,33.33,No,No,Yes,No
1873,impaired olfactory function (anosmia) ,4,1,27.27,No,No,Yes,No
1874,blood brain barrier disruption ,4,1,25.0,No,No,Yes,No
1967,Pyroptosis,4,1,50.0,Yes,No,No,No
1903,"foxi1 expression, increased",4,1,75.0,Yes,No,No,No
1904,"six1b expression, increased",4,1,58.33,Yes,No,No,No
1905,"eya1 expression, inhibited",4,1,75.0,Yes,No,No,No
1914,"Platelet activation, Increased",4,1,25.0,No,No,Yes,No
1915,"Neutrophil activation, Increased ",4,1,25.0,No,No,Yes,No
1916,"Thromboinflammation, Increased ",4,1,27.27,No,No,Yes,No
1917,"Altered gene expression, NRF2 dependent antioxidant pathway",4,3,25.0,No,No,No,No
1961,Prolongation of Action Potential Duration,4,3,27.27,No,No,No,No
1962,Prolongation of QT interval,4,3,27.27,No,No,No,No
442,"Decreased, Population trajectory",4,3,36.36,No,No,No,No
2009,Activation of inflammation pathway,4,3,25.0,No,No,No,No
2150,Neurological disorder,4,3,27.27,No,No,No,No
2084,"Increase, Cardiac remodelling",4,1,25.0,No,No,Yes,No
2106,"Impaired, oligodendrocyte maturation",4,3,25.0,No,No,No,No
2116,"Decreased, oligodendrocyte differentiation",4,3,25.0,No,No,No,No
2123,"decreased, Bcl-2 expression",4,1,66.67,Yes,No,No,No
2186,Ryanodine receptor activation,4,1,66.67,Yes,No,No,No
2122,"increased, socio-economic burden",4,1,63.64,Yes,No,No,No
2192,Influenza A Virus production increased,4,1,66.67,Yes,No,No,No
2193,Influenza A Virus (IAV) budding,4,1,66.67,Yes,No,No,No
2262," Neuropathy target esterase, inhibited",4,2,58.33,No,No,No,No
2263," Lysolecithin, increased",4,2,66.67,No,No,No,No
2265," Oligodendrocyte death, increased",4,2,75.0,No,No,No,No
2278,Increased LMNA Mutation,4,1,75.0,Yes,No,No,No
2296,Reduced Pacemaker Activity in SA Node,4,1,58.33,Yes,No,No,No
2303,Increased plasma estradiol to progesterone ratio (estrogen dominance/unopposed estrogen),4,1,63.64,Yes,No,No,No
2383,"Increase, Hemopericardium",4,3,27.27,No,No,No,No
294,"N/A, Unknown",3,2,33.33,No,No,No,No
103,"Increase, Ecdysone receptor hyperactivation",3,2,41.67,No,No,No,No
363,"Altered, Reproductive behaviour",3,2,36.36,No,No,No,No
264,"Activation, SREBP-1c",3,1,58.33,No,No,No,No
116,"Activation, FAS",3,1,58.33,No,No,No,No
258,"Activation, SCD-1",3,1,58.33,No,No,No,No
467,"Increased, LDL uptake",3,2,41.67,No,No,No,No
80,"Up Regulation, CYP1A1",3,1,50.0,No,No,No,No
457,"Activation, SREBF1",3,2,41.67,No,No,No,No
458,"Increased, De Novo FA synthesis",3,2,41.67,No,No,No,No
454,"Increased, Triglyceride formation",3,2,41.67,No,No,No,No
472,"Down Regulation, CPT1A",3,2,41.67,No,No,No,No
495,Repressed expression of steroidogenic enzymes ,3,2,41.67,No,No,No,No
496,"Increased apoptosis, decreased fetal/adult Leydig Cells ",3,2,41.67,No,No,No,No
192,"Altered, Neurophysiology",3,1,72.73,No,No,No,No
657,"Decreased testosterone by the fetal Leydig cells, Dysgenesis of fetal Leydig cells",3,2,36.36,No,No,No,No
1028,"Activation of specific nuclear receptors, PPAR-gamma activation",3,2,41.67,No,No,No,No
527,"Decreased, Decreased fecundity ",3,2,36.36,No,No,No,No
529,"Decreased, GnRH cfos activity",3,2,41.67,No,No,No,No
532,"Delayed, Ovulation",3,2,36.36,No,No,No,No
533,"Decreased, Cortical granule release/distribution upon fertilization",3,2,41.67,No,No,No,No
534,"Altered, Formation of cortical envelope",3,2,41.67,No,No,No,No
535,"Abnormal, Sperm penetration (polyspermy)",3,2,41.67,No,No,No,No
536,"Altered, Chromosome number (polyploid) zygote",3,2,41.67,No,No,No,No
576,"Increased, Viral susceptibility",3,2,36.36,No,No,No,No
592,"Reduced, survival",3,2,36.36,No,No,No,No
590,"N/A, hypoxia",3,2,33.33,No,No,No,No
602,"Increased, Ataxia, paralysis, or hyperactivity",3,2,36.36,No,No,No,No
636,"Decreased, survival",3,2,36.36,No,No,No,No
671,"Reduced, Prostaglandin F2alpha concentration, plasma ",3,2,36.36,No,No,No,No
674,"Reduced, Ability to attract spawning mates",3,2,36.36,No,No,No,No
687,"Reduced, Prostaglandin E2 concentration, hypothalamus",3,2,41.67,No,No,No,No
689,"Reduced, Gonadotropin releasing hormone, hypothalamus",3,2,41.67,No,No,No,No
690,"Reduced, Luteinizing hormone (LH), plasma ",3,2,41.67,No,No,No,No
691,"Reduced, Maturation inducing steroid, plasma",3,2,41.67,No,No,No,No
692,"Reduced, Maturation inducing steroid receptor signalling, oocyte",3,2,33.33,No,No,No,No
693,"Increased, cyclic adenosine monophosphate",3,2,33.33,No,No,No,No
710,"Increase, Regenerative cell proliferation (tubular epithelial cells)",3,2,41.67,No,No,No,No
713,"Increase, Adenomas/carcinomas (renal tubular)",3,2,41.67,No,No,No,No
770,"Increase, Cytotoxicity (club cells)",3,1,50.0,No,No,No,No
744,"Increase, Hyperplasia (Leydig cells)",3,2,41.67,No,No,No,No
745,"Increase, Leydig cell tumors",3,2,41.67,No,No,No,No
746,"Increase, Dopaminergic activity",3,2,41.67,No,No,No,No
749,"Decreased, Progesterone from corpus luteum",3,1,50.0,No,No,No,No
779,"Increase, Papillomas/carcinomas (squamous cells)",3,2,41.67,No,No,No,No
783,"Increase, Cytotoxicity (tubular epithelial cells)",3,1,50.0,No,No,No,No
786,"Increase, Cytotoxicity (hepatocytes)",3,1,50.0,No,No,No,No
795,"Increase, Regenerative cell proliferation (urothelial cells)",3,2,41.67,No,No,No,No
796,"Increase, Hyperplasia (urothelial)",3,2,41.67,No,No,No,No
798,"Inhibition, Prolyl hydroxylases",3,2,33.33,No,No,No,No
799,"Increased, HIF-1 heterodimer",3,2,33.33,No,No,No,No
804,"Inhibition, HMG-CoA reductase",3,1,41.67,Yes,No,No,No
1096,"Increased, blood uric acid concentration",3,2,41.67,No,No,No,No
1102,"Occurrence, tophi (urate) deposition",3,2,33.33,No,No,No,No
971,"Ovulation of oocytes Reduced, Delayed, or Blocked, Decrease or delay in LH surge required for ovulation ",3,2,36.36,No,No,No,No
1056,"Decrease, E2 blood concentrations at hypothalamus",3,2,41.67,No,No,No,No
1014,"Induction, Somatic muscle paralysis",3,2,41.67,No,No,No,No
1018,"Activation, Glutamate-gated chloride channels",3,2,41.67,No,No,No,No
1032,"Increased, secretion of local growth factors",3,2,41.67,No,No,No,No
1038,"Activation, beta-2 adrenergic receptor",3,2,41.67,No,No,No,No
1039,"Increased activity, beta-2 adrenergic receptor",3,2,41.67,No,No,No,No
1071,"Decreased, GnRH pulsatility/release in hypothalamus",3,2,41.67,No,No,No,No
1072,"Decreased, LH Surge from anterior pituitary",3,2,33.33,No,No,No,No
1074,"interruption, Ovulation",3,2,36.36,No,No,No,No
1079,"Increased, Adenomas/carcinomas (mammary)",3,2,41.67,No,No,No,No
1080,"Increased, latency period",3,2,36.36,No,No,No,No
1090,"Increased, mesotheliomas",3,2,33.33,No,No,No,No
1114,"Unknown, MIE",3,2,25.0,No,No,No,No
1152,"Inhibition, Iodotyrosine deiodinase (IYD)",3,1,66.67,No,No,No,No
1153,"Inhibition, Deiodinase 3",3,1,58.33,No,No,No,No
1155,"Inhibition, Pendrin",3,1,58.33,No,No,No,No
1156,"Inhibition, Dual oxidase",3,1,58.33,No,No,No,No
1157,"Activation, Hepatic nuclear receptor(s)",3,1,58.33,No,No,No,No
1161,"Increased, oocyte maturation",3,1,63.64,No,No,No,No
1164,"Increased, Population",3,2,36.36,No,No,No,No
1163,"Increased, Reproductive Success",3,2,36.36,No,No,No,No
1183,"Decreased, Apoptosis (Epithelial Cells)",3,2,41.67,No,No,No,No
1197,"Activation, Fibroblasts",3,2,41.67,No,No,No,No
1256,increased mantel display,3,2,27.27,No,No,No,No
1257,Induced parturition,3,2,27.27,No,No,No,No
1281,"Increased, DNA Damage-Repair",3,2,41.67,No,No,No,No
1283,"Activation, TGF-beta pathway",3,2,41.67,No,No,No,No
1284,"Up Regulation, SREBF2",3,2,41.67,No,No,No,No
1288,"Activation, 3-hydroxy-3-methylglutaryl-CoA reductase gene",3,2,41.67,No,No,No,No
1292,"Activation, JNK",3,2,41.67,No,No,No,No
1293,"Activation, FOXO",3,2,41.67,No,No,No,No
1444,"Increase, Follicular atresia",3,2,27.27,No,No,No,No
1425,Mu Opioid Receptor Agonism,3,2,25.0,No,No,No,No
1427,Opening of G protein gated inward rectifying K channels,3,2,25.0,No,No,No,No
1428,Analgesia,3,2,27.27,No,No,No,No
1429,Inhibition of N-type Ca ion channels,3,2,25.0,No,No,No,No
1430,Inhibition of neurotransmitter vesicle release,3,2,25.0,No,No,No,No
1431,Serotonin 1A Receptor Agonism,3,2,25.0,No,No,No,No
1432,Anti-depressant Activity,3,2,27.27,No,No,No,No
1467,"Growth, reduction",3,2,27.27,No,No,No,No
1479,"Decrease, Leaf development",3,2,27.27,No,No,No,No
1544,Mitochondrial Complex V inhibition,3,1,41.67,Yes,No,No,No
1545,Decrease in mitochondrial oxidative phosphorylation,3,2,25.0,No,No,No,No
1547,Mitochondrial Injury,3,2,25.0,No,No,No,No
1603,Chronic kidney disease,3,2,27.27,No,No,No,No
1785,"Increase, Mitochondrial ATP synthase antagonism",3,2,25.0,No,No,No,No
1666,"Induced, dysfunction of microcirculation",3,2,27.27,No,No,No,No
1682,"Disruption, Progenitor cells of second heart field",3,2,41.67,No,No,No,No
1776,"Increase, Ovarian somatic cell apoptosis",3,2,25.0,No,No,No,No
1777,"Increase, Ovarian follicle breakdown",3,2,27.27,No,No,No,No
1778,"Decrease, Heritable DNA methylation (F3)",3,2,25.0,No,No,No,No
1779,"Increase, Caspase transcription (F3)",3,2,25.0,No,No,No,No
1781,"Decrease, Fecundity (F3)",3,2,27.27,No,No,No,No
1782,"Decrease, Oogenesis (F3)",3,2,27.27,No,No,No,No
2374,"Increase, Ecdysone receptor antagonism",3,2,25.0,No,No,No,No
2375,"Decrease, Mis-timed ecdysone receptor-responsive nuclear receptor cascade",3,2,25.0,No,No,No,No
1817,Apoptotic cell death,3,2,25.0,No,No,No,No
1815,Activation of ER stress,3,2,25.0,No,No,No,No
1830,"Displacement, Serum thyroxine (T4) from carrier protein",3,2,33.33,No,No,No,No
1831,"Binding, Thyroid binding globulin in serum",3,1,50.0,No,No,No,No
1844,systemic inflammatory response syndrome,3,2,27.27,No,No,No,No
1853,Hyperactivation of ACE/Ang-II/AT1R axis,3,2,25.0,No,No,No,No
2029,protein-coupled estrogen receptor 1 (GPER) activation,3,2,25.0,No,No,No,No
771,"Decrease, Serum thyroid hormone (T4/T3)",3,1,50.0,No,No,No,No
2093,Brain thyroid hormone (T4/T3) decreased,3,2,27.27,No,No,No,No
1921,"Altered gene expression, NF-kB dependent Interleukin-6 pathway",3,2,25.0,No,No,No,No
17,"Altered gene expression, AHR nuclear translocator (ARNT)-dependent pathway",3,2,41.67,No,No,No,No
1945,Dysfunctional Autophagy,3,2,25.0,No,No,No,No
1963,Torsades de Pointes,3,2,27.27,No,No,No,No
1978,"Increase risk, microcephaly",3,2,27.27,No,No,No,No
2010,Pulmonary inflammation,3,2,27.27,No,No,No,No
2017,Endoplasmic reticulum stress,3,2,25.0,No,No,No,No
2019,Non-alcoholic fatty liver disease,3,2,27.27,No,No,No,No
2050,"Increase, developmental abnormalities",3,2,27.27,No,No,No,No
2195,"Increase, CNS Neural cell death",3,2,25.0,No,No,No,No
2080,"Impaired, blood testis barrier",3,2,27.27,No,No,No,No
2105,"Decreased, myelin basic protein expression in oligodendrocytes",3,2,25.0,No,No,No,No
2115,"Altered, cholesterol metabolism",3,2,25.0,No,No,No,No
2126,Estrogen receptor alpha inactivation,3,2,25.0,No,No,No,No
2164,"Activation, Dll4-Notch pathway",3,2,25.0,No,No,No,No
2283,Increased the early premature depolarizations during repolarization,3,2,25.0,No,No,No,No
2208,"Aberrant, synaptic formation and plasticity",3,2,27.27,No,No,No,No
2231,Locomotor function. Impaired,3,2,27.27,No,No,No,No
2264," Lysolecithin cell membrane integration, increased",3,1,58.33,No,No,No,No
2267,"Delayed neuropathy, increased",3,2,45.45,No,No,No,No
2292,Altered Cardiac Electrical Conduction,3,2,27.27,No,No,No,No
2323,Over-expression of PD-L1 in cancer cells,3,1,50.0,No,No,No,No
2392,Depression,3,1,72.73,No,No,No,No
1312,"Increase, Fatty acid beta-oxidation",3,2,25.0,No,No,No,No
142,"Hyperplasia, Hyperplasia",2,1,41.67,No,No,No,No
334,"Promotion, Hepatocelluar carcinoma",2,1,36.36,No,No,No,No
57,"Proliferation, Cell proliferation in the absence of cytotoxicity",2,1,41.67,No,No,No,No
1264,"Increase, Nuclear receptor E75b gene expression",2,1,41.67,No,No,No,No
1265,"Decrease, Fushi tarazu factor-1 gene expression",2,1,41.67,No,No,No,No
152,"Suppression, Inflammatory cytokines",2,1,36.36,No,No,No,No
168,"Decreased, Lymphocytes",2,1,36.36,No,No,No,No
145,"Induction, IKB inhibitory protein",2,1,41.67,No,No,No,No
323,"Increased, Disease susceptibility",2,1,36.36,No,No,No,No
243,"Reduction, Prostaglandin E2 concentration",2,1,41.67,No,No,No,No
49,"Reduction, Ca and HCO3 transport to shell gland",2,1,41.67,No,No,No,No
106,"Reduction, Eggshell thickness",2,1,41.67,No,No,No,No
253,"N/A, Reproductive failure",2,1,36.36,No,No,No,No
339,"Altered, Larval development",2,1,36.36,No,No,No,No
77,"Production, Critical Metabolites (CGA 330050 and CGA 265307)",2,1,41.67,No,No,No,No
164,"Induction, Liver “Dysfunctional” Changes by CGA 330050",2,1,36.36,No,No,No,No
147,"Inhibition, Inducible Nitric Oxide Synthase by Metabolite CGA 265307",2,1,41.67,No,No,No,No
270,"Induction, Sustained Hepatotoxicity",2,1,36.36,No,No,No,No
269,"Induction, Sustained Cell Proliferation",2,1,41.67,No,No,No,No
347,"Formation, Liver tumor",2,1,36.36,No,No,No,No
345,"N/A, Liver Steatosis",2,1,36.36,No,No,No,No
231,"Decreased, PPAR-alpha activation",2,1,41.67,No,No,No,No
232,"Decreased, PPAR-beta activation",2,1,41.67,No,No,No,No
140,"Decreased, HSD17B10 expression",2,1,41.67,No,No,No,No
8,"Decreased, 3-hydroxyacyl-CoA dehydrogenase type-2 activity",2,1,41.67,No,No,No,No
417,"skewed, sex ratio",2,1,36.36,No,No,No,No
418,"Increased, Vitellogenin synthesis",2,1,41.67,No,No,No,No
419,"Increased, renal vitellogenin deposition",2,1,36.36,No,No,No,No
421,"Increased, glomerular rupture and renal hemorrhaging",2,1,36.36,No,No,No,No
422,"Increased, nephropathy",2,1,36.36,No,No,No,No
450,"Suppression, VLDL secretion",2,1,41.67,No,No,No,No
216,"Decreased, PCK1 expression (control point for glycolysis/gluconeogenesis pathway)",2,1,33.33,No,No,No,No
466,"Up Regulation, LDLR (low density lipoprotein receptor)",2,1,41.67,No,No,No,No
456,"Suppression, Constitutive androstane receptor, NR1l3",2,1,41.67,No,No,No,No
463,"Up Regulation, FAS",2,1,41.67,No,No,No,No
468,"Inhibition, PPAR alpha",2,1,41.67,No,No,No,No
470,"Up Regulation, Acetyl-CoA carboxylase-1 (ACC-1)",2,1,41.67,No,No,No,No
461,"Suppression, HNF4alpha",2,1,41.67,No,No,No,No
471,"Inhibition, FoxA2",2,1,41.67,No,No,No,No
474,"Down Regulation, HMGCS2",2,1,41.67,No,No,No,No
477,"Decreased, Ketogenesis",2,1,41.67,No,No,No,No
478,"Activation, NRF2",2,1,41.67,No,No,No,No
479,"Activation, NR1H4",2,1,41.67,No,No,No,No
480,"Activation, SHP",2,1,41.67,No,No,No,No
482,"Decreased, DHB4/HSD17B4",2,1,41.67,No,No,No,No
483,"Activation, LXR alpha",2,1,41.67,No,No,No,No
878,"Inhibition, SREBP1c",2,1,41.67,No,No,No,No
879,"Activation, MTTP",2,1,41.67,No,No,No,No
880,"Increased, ApoB100",2,1,41.67,No,No,No,No
881,"Increased, Triglyceride",2,1,41.67,No,No,No,No
484,"Activation, AKT2",2,1,41.67,No,No,No,No
486,systemic inflammation leading to hepatic steatosis,2,1,45.45,No,No,No,No
488,"Decrease, Ovulation",2,1,36.36,No,No,No,No
685,"Reduced, Prostaglandins, ovary",2,1,36.36,No,No,No,No
494,"Glucocorticoid Receptor Agonist, Activation",2,1,41.67,No,No,No,No
653,"Decreased testosterone by the fetal Leydig cells, Increased corticosterone",2,1,41.67,No,No,No,No
654,"Decreased testosterone by the fetal Leydig cells, Activation by other glucocorticoid receptor agonists",2,1,33.33,No,No,No,No
658,"Decreased testosterone by the fetal Leydig cells, Increased estradiol",2,1,41.67,No,No,No,No
659,"Decreased testosterone by the fetal Leydig cells, Activation by other estradiol agonists",2,1,33.33,No,No,No,No
660,"decreased testosterone by fetal Leydig cells, Dysgenesis of fetal Leydig cells",2,1,36.36,No,No,No,No
661,"Decreased testosterone by the fetal Leydig cells, Alterations in the fetal testis proteome",2,1,33.33,No,No,No,No
642,"Decreased Cholesterol, Decreased De Novo Biosynthesis of Choleseterol",2,1,41.67,No,No,No,No
643,"Decreased Cholesterol, Decreased Uptake of Lipoproteins",2,1,41.67,No,No,No,No
644,"Decreased Cholesterol, Decreased Transport of Cholesterol to the Inner Mitochondrial Membrane",2,1,33.33,No,No,No,No
645,"Decreased Cholesterol, Decreased Testosterone Production by Adult Leydig Cells",2,1,41.67,No,No,No,No
646,"Decreased Cholesterol, Decreased sperm quantity and/or quality in the adult testis",2,1,36.36,No,No,No,No
640,"Decreased steroidogenesis, Proteomic alterations in the adult Leydig cell",2,1,41.67,No,No,No,No
648,"Decreased steroidogenesis, Increased Apoptosis of Adult Leydig Cells",2,1,41.67,No,No,No,No
649,"Decreased steroidogenesis, Alterations in the Leydig Cell Cytoskeleton",2,1,41.67,No,No,No,No
525,"Apoptosis of adult Leydig cells, Decreased testosterone by adult Leydig cells",2,1,41.67,No,No,No,No
650,"Stimulation of adult Leydig cells via the Adrenal Corticosterone, Increased Glucocorticoid",2,1,33.33,No,No,No,No
651,"Glucocorticoid Receptor mediated alterations in steriodogenic enzymes, Decreased testosterone by adult Leydig cells",2,1,33.33,No,No,No,No
652,"Direct effects of Corticosterone on steroidogenesis, Decreased testosterone by adult Leydig cells",2,1,33.33,No,No,No,No
1447,obesity,2,1,27.27,No,No,No,No
1448,activation of CCAAT/enhancer-binding protein alpha,2,1,25.0,No,No,No,No
1449,increased adipogenesis,2,1,25.0,No,No,No,No
1450,decreased dopamine,2,1,25.0,No,No,No,No
1451,decreased reward,2,1,27.27,No,No,No,No
1452,decreased DNA methylation of tyrosine hydroxylase,2,1,25.0,No,No,No,No
1453,decreased methylation of dopamine transporter promoter,2,1,25.0,No,No,No,No
1454,chronic high fat diet,2,1,27.27,No,No,No,No
526,"Inhibition, Inhibition of Dopamine-beta-hydroxylase",2,1,41.67,No,No,No,No
528,"Decreased, Synthesis of NE",2,1,41.67,No,No,No,No
543,"Decreased fertility in the adult, Decreased sperm quantity and/or quality in the adult testis",2,1,36.36,No,No,No,No
662,"Decreased testosterone by the fetal Leydig cells, Hypermethylation in the fetal testis",2,1,33.33,No,No,No,No
540,"Decreased testosterone by the fetal Leydig cells, Dysgensis of fetal Leydig cells",2,1,36.36,No,No,No,No
541,"Decreased testosterone by the fetal Leydig cells, Decreased COUP-TFII stem Leydig cells",2,1,33.33,No,No,No,No
570,"Accumulation, Damaged mitochondrial DNA",2,1,41.67,No,No,No,No
571,"Accelerated, Aging",2,1,36.36,No,No,No,No
664,"Overwhelmed, Mitochondrial DNA repair mechanisms",2,1,41.67,No,No,No,No
573,"Increase, Energetic demands and therefore metabolic stress",2,1,36.36,No,No,No,No
574,"Increased, Appetite and hunger",2,1,36.36,No,No,No,No
577,"impaired, Development",2,1,36.36,No,No,No,No
578,"Decreased, Glucose oxidase enzyme activity",2,1,41.67,No,No,No,No
579,"Decreased, Hydrogen peroxide production",2,1,41.67,No,No,No,No
580,"Reduced, Antiseptic incorporated in food",2,1,27.27,No,No,No,No
561,"Reduced, Food storage",2,1,36.36,No,No,No,No
591,"Increased, amputations",2,1,45.45,No,No,No,No
599,"prolonged, Depolarization of neuronal membrane",2,1,41.67,No,No,No,No
600,"Overactivation, Neuronotransmitter release",2,1,41.67,No,No,No,No
601,"Overactivation, muscle contraction",2,1,41.67,No,No,No,No
623,"Increase, predation",2,1,36.36,No,No,No,No
1139,"Increased, water retention in foot",2,1,27.27,No,No,No,No
1143,"Depletion, energy reserves",2,1,27.27,No,No,No,No
624,"Increased, foot detachment",2,1,36.36,No,No,No,No
622,"Increased, locomotion",2,1,36.36,No,No,No,No
627,"Decreased, anxiety",2,1,36.36,No,No,No,No
629,"Decreased, sheltering",2,1,36.36,No,No,No,No
633,"Decrease, histaminergic neuron excitation",2,1,41.67,No,No,No,No
634,"N/A, sedation",2,1,36.36,No,No,No,No
635,"Decreased, locomotion",2,1,36.36,No,No,No,No
638,"Antagonism, Histamine Receptor (H2)",2,1,41.67,No,No,No,No
672,"Reduced, Prostaglandin F2alpha synthesis, ovary  ",2,1,36.36,No,No,No,No
673,"Reduced, Spawning behavior",2,1,36.36,No,No,No,No
678,"Reduced, Pheromone release",2,1,36.36,No,No,No,No
681,"Decreased, Prostaglandin F2alpha synthesis, ovary  ",2,1,36.36,No,No,No,No
694,"Reduced, Meiotic prophase I/metaphase I transition, oocyte",2,1,41.67,No,No,No,No
695,"Upregulated, Spindle assembly checkpoint protein Mad2-oocyte",2,1,41.67,No,No,No,No
696,"Increased, Chromosome misseggregation",2,1,41.67,No,No,No,No
697,"impaired, ion channels",2,1,33.33,No,No,No,No
699,"Increased, cardiac arrthymia",2,1,36.36,No,No,No,No
708,"Increased, Accumulation of alpha2u microglobulin (proximal tubular epithelium)",2,1,41.67,No,No,No,No
767,"Increase, Hyperplasia (renal tubular cells)",2,1,41.67,No,No,No,No
714,"Increased, Binding of chemicals to 2u (serum)",2,1,33.33,No,No,No,No
726,"Increased, Induction of pyruvate dehydrogenase (PDH)",2,1,33.33,No,No,No,No
724,"Inhibition, Pyruvate dehydrogenase kinase (PDK) enzyme",2,1,33.33,No,No,No,No
769,"Increase, Oxidative metabolism",2,1,33.33,No,No,No,No
733,"Increase, Necrosis (terminal bronchiolar cells)",2,1,41.67,No,No,No,No
734,"Increase, Regenerative cell proliferation (terminal bronchiolar epithelial cells)",2,1,33.33,No,No,No,No
735,"Increase, Hyperplasia (terminal bronchiolar cells)",2,1,41.67,No,No,No,No
736,"Increase, Adenomas/carcinomas (bronchioloalveolar)",2,1,41.67,No,No,No,No
743,"Decreased, Testosterone binding to androgen receptor (hypothalamus)",2,1,41.67,No,No,No,No
754,"Increased, Luteinizing hormone (LH) ",2,1,41.67,No,No,No,No
747,"Decreased, Prolactin",2,1,41.67,No,No,No,No
773,"Increase, Endometrial adenocarcinomas",2,1,41.67,No,No,No,No
760,"Activation, Glutamate-gated chloride channel",2,1,33.33,No,No,No,No
764,"N/A, Ataxia, paralysis, or hyperactivity",2,1,36.36,No,No,No,No
765,"Decreased, population 1",2,1,36.36,No,No,No,No
766,"Inhibition, 4-hydroxyphenyl-pyruvate dioxygenase (HPPD) enzyme",2,1,41.67,No,No,No,No
775,"Increased, Plasma tyrosine",2,1,41.67,No,No,No,No
776,"Increase, Cytotoxicity (corneal cells)",2,1,41.67,No,No,No,No
777,"Increase, Inflammation (corneal cells)",2,1,41.67,No,No,No,No
778,"Increase, Regenerative cell proliferation (corneal cells)",2,1,41.67,No,No,No,No
781,"Increase, Regenerative cell proliferation (forestomach epithelial cells)",2,1,33.33,No,No,No,No
782,"Increase, Hyperplasia (forestomach epithelial cells)",2,1,33.33,No,No,No,No
784,"Increase, Hyperplasia (tubular epithelial cells)",2,1,41.67,No,No,No,No
787,"Increase, Regenerative cell proliferation (hepatocytes)",2,1,41.67,No,No,No,No
791,"Increased, Leutinizing hormone (LH)",2,1,41.67,No,No,No,No
793,"Increase, Urinary bladder calculi",2,1,36.36,No,No,No,No
794,"Increase, Cytotoxicity (urothelial cells)",2,1,41.67,No,No,No,No
797,"Increase, Adenomas/carcinomas (urothelial)",2,1,41.67,No,No,No,No
801,"modulation, Unknown",2,1,33.33,No,No,No,No
802,"Increased, HIF-1 alpha transcription",2,1,33.33,No,No,No,No
805,"Decreased, mevalonate",2,1,33.33,No,No,No,No
809,"malformed, Male reproductive tract",2,1,36.36,No,No,No,No
330,"Decrease, Fertility",2,1,45.45,No,No,No,No
848,"Decreased, Binding of NE to NE receptors on GnRH neurons",2,1,41.67,No,No,No,No
849,"Inhibition, Antgonism of NE receptor",2,1,33.33,No,No,No,No
964,"Inhibition of Aromatase Enzyme, Chemical exposure during critical window of estrous cycle between diestrus 2 and proestrus inhibits aromatase conversion of testosterone to estradiol",2,1,33.33,No,No,No,No
969,"Decreased GnRH Release, Decreased Kisspeptin stimulation of GnRH neurons ",2,1,41.67,No,No,No,No
970,"Decreased LH release from Anterior Pituitary, Decreased GnRH stimulation of Anterior Pituitary Gonadotrophs",2,1,33.33,No,No,No,No
972,"Decreased fertility, Reduced number of oocytes ovulated ",2,1,36.36,No,No,No,No
762,"Activation, ionotropic GABA Receptor chloride channel",2,1,41.67,No,No,No,No
1019,"Induction, pharyngeal muscle paralysis",2,1,41.67,No,No,No,No
1029,"Increased, adipogenesis",2,1,41.67,No,No,No,No
1033,"Increased, proliferation of mesenchymal cells",2,1,41.67,No,No,No,No
1034,"Increased, IGF-1 (mouse)",2,1,41.67,No,No,No,No
1035,"Increased, Firbrosarcoma",2,1,41.67,No,No,No,No
1036,"Increased, liposarcoma",2,1,41.67,No,No,No,No
1037,"Increased, hemagiosarcoma",2,1,41.67,No,No,No,No
1040,"relaxation, smooth muscle",2,1,33.33,No,No,No,No
1042,"Proliferation/Clonal Expansion, smooth muscle",2,1,41.67,No,No,No,No
1043,"Hypertrophy/hyperplasia, smooth muscle",2,1,33.33,No,No,No,No
1044,"Promotion, mesovarian leiomyomas",2,1,41.67,No,No,No,No
1045,"Decreased, Ovarian E2",2,1,41.67,No,No,No,No
1049,"Increased, secrection of FSH from anterior pituitary",2,1,33.33,No,No,No,No
1051,"Hyperplasia, ovarian stromal cells",2,1,41.67,No,No,No,No
1054,"Promotion, ovarian granular cell tumors",2,1,33.33,No,No,No,No
1057,"Increased, PPAR-alpha activation",2,1,41.67,No,No,No,No
1058,"Decreased, bile flow",2,1,36.36,No,No,No,No
1059,"Increased, cholestasis",2,1,36.36,No,No,No,No
1061,"prolonged, elevation of serun CCK",2,1,41.67,No,No,No,No
1062,"Increased, Cellular proliferation / hyperplasia of acinar cells",2,1,41.67,No,No,No,No
1063,"Increased, Pancreatic acinar tumors",2,1,36.36,No,No,No,No
1077,"Increased, prolactin exposure",2,1,33.33,No,No,No,No
1078,"Hyperplasia, Mammary gland",2,1,41.67,No,No,No,No
1081,"Increased, lactotroph hyperplasia and hypertrophy",2,1,41.67,No,No,No,No
1082,"Increased, adenomas (pituitary)",2,1,41.67,No,No,No,No
1083,"Decreased, Dopaminergic activity",2,1,33.33,No,No,No,No
1084,"Increased, prolactin secretion",2,1,33.33,No,No,No,No
1085,"Increased, hyperplasia (mammary gland)",2,1,41.67,No,No,No,No
1086,"persistent, cytotoxicity (pleura or peritoneum)",2,1,33.33,No,No,No,No
1087,"Increased, inflammation",2,1,33.33,No,No,No,No
1089,"Increased, Cell Proliferation (mesothelium)",2,1,33.33,No,No,No,No
1104,"Decreased, Prostaglandin F2alpha concentration, plasma ",2,1,41.67,No,No,No,No
1105,"Occurrence, renal ischemia",2,1,33.33,No,No,No,No
1103,"Inhibition, Cyclooxygenase 1 activity",2,1,33.33,No,No,No,No
1109,"Increased, Deformed Wing Virus levels",2,1,36.36,No,No,No,No
1110,"Increased, Energetic demands and therefore metabolic stress",2,1,36.36,No,No,No,No
1828,"Increased, Thyroxine (T4) in serum",2,1,36.36,No,No,No,No
1154,"Increased, Triiodothyronine (T3) in tissues",2,1,41.67,No,No,No,No
1255,induced spawning,2,1,36.36,No,No,No,No
1215,"TRPA1 activation, TRPA1 Receptor",2,1,41.67,No,No,No,No
1218,"Opening of calcium channel, Calcium influx",2,1,41.67,No,No,No,No
1220,Trigeminal nerve activation,2,1,41.67,No,No,No,No
1222,"SP (Substance P) release, Local increase of SP",2,1,41.67,No,No,No,No
1223,"Trigeminal and/or vagal nerve excitation causes Airway Hyper-responsiveness,Cough, Dyspnea",2,1,41.67,No,No,No,No
1226,"Increased Respiratory irritability and Chronic Cough, ",2,1,36.36,No,No,No,No
1433,"Increased CGRP, neuronal release of CGRP",2,1,41.67,No,No,No,No
1434,Irritation of nasal mucosa inducing sneeze reflex,2,1,41.67,No,No,No,No
1435,Increased neurokinin A (NKA) by neuronal cells,2,1,41.67,No,No,No,No
1176,"Decreased, sodium conductance 2",2,1,33.33,No,No,No,No
1179,"Decreased, GABA release",2,1,33.33,No,No,No,No
1205,"Activation, Juvenile hormone receptor",2,1,41.67,No,No,No,No
1206,"Induction, Doublesex1 gene",2,1,41.67,No,No,No,No
1208,"Increased, Male offspring",2,1,36.36,No,No,No,No
1209,"Induction, Male reproductive tract",2,1,36.36,No,No,No,No
361,"Decline, Population",2,1,36.36,No,No,No,No
1210,"Alteration, Food-web structures",2,1,36.36,No,No,No,No
1258,Decompartmentalization,2,1,41.67,No,No,No,No
1260,Direct mitochondrial inhibition,2,1,41.67,No,No,No,No
1259,narcosis,2,1,41.67,No,No,No,No
1263,Necrosis,2,1,33.33,No,No,No,No
1174,"Activation, NADPH Oxidase",2,1,41.67,No,No,No,No
1279,"Increase, Oxidative Stress / Activation, PMK-1 P38 MAPK",2,1,41.67,No,No,No,No
1280,"Activation, HIF-1",2,1,41.67,No,No,No,No
1282,"Activation, JAK/STAT pathway",2,1,41.67,No,No,No,No
1285,"Up Regulation, Unsaturated fatty acid",2,1,41.67,No,No,No,No
1286,"Down Regulation, GSS and GSTs gene",2,1,41.67,No,No,No,No
1287,Glutathione synthesis,2,1,41.67,No,No,No,No
1289,Perturbation of cholesterol,2,1,41.67,No,No,No,No
1290,Glutathione homeostasis,2,1,41.67,No,No,No,No
1291,Hepatotoxicity,2,1,25.0,No,No,No,No
1294,"Inhibition, Wnt pathway",2,1,41.67,No,No,No,No
1295,Defect of Embryogenesis,2,1,41.67,No,No,No,No
1328,"Inactivated, 5-HTR (serotonin receptors)",2,5,25.0,No,No,No,Yes
1329,"Reduce expression, BDNF (Brain-derived neurotrophic factor)",2,5,25.0,No,No,No,Yes
1456,"Increase, Differentiation of fibroblasts",2,1,25.0,No,No,No,No
1468,"Activation, Latent Transforming Growth Factor Beta 1",2,1,25.0,No,No,No,No
1469,"Activation, Transforming Growth Factor beta pathway",2,1,25.0,No,No,No,No
1471,"Increase, Uncoupling of photophosphorylation",2,1,25.0,No,No,No,No
1473,"Decrease, Chlorophyll synthesis",2,1,25.0,No,No,No,No
1474,"Decrease, Light harvest capacity",2,1,25.0,No,No,No,No
1476,"Decrease, Glycolysis",2,1,25.0,No,No,No,No
1478,"Decrease, Leaf cell mitosis",2,1,25.0,No,No,No,No
1653,Binding of inhibitor to mitochondrial complex III,2,1,25.0,No,No,No,No
1654,Binding of inhibitor to mitochondrial complex IV,2,1,25.0,No,No,No,No
1655,Binding of inhibitor to mitochondrial complex V,2,1,25.0,No,No,No,No
1576,"Activation, Tissue resident cells (Kuppfer cells)",2,1,25.0,No,No,No,No
1579,"Increase, proinflammatory mediators (TNFalpha)",2,1,25.0,No,No,No,No
1606,Activation of hepatic stellate cells,2,1,41.67,No,No,No,No
1657,Inhibition of cystathionine beta-synthase,2,1,25.0,No,No,No,No
1661,Increased Homocysteine level ,2,1,25.0,No,No,No,No
1665,"Increased, Plasma HCY level",2,1,25.0,No,No,No,No
1667,"Impaired,anterior-posterior axis development",2,1,27.27,No,No,No,No
1680,"Inhibition, TBX1",2,1,25.0,No,No,No,No
1681,"Disruption, Neural crest cell migration",2,1,25.0,No,No,No,No
1683,"Impairment, Fourth pharyngeal arch development",2,1,25.0,No,No,No,No
1684,"Abnormalities, Cardiac outflow tract formation",2,1,27.27,No,No,No,No
1685,"Anomalies, Congenital cardiac conotruncal",2,1,27.27,No,No,No,No
1691,"Antagonism,LH receptor",2,1,25.0,No,No,No,No
1692,"Reduction, Progesterone synthesis",2,1,25.0,No,No,No,No
1694,"Reduction, progesterone uptake, decresed maturation ",2,1,25.0,No,No,No,No
679,"Decline, Population trajectory",2,1,36.36,No,No,No,No
1697,"Increase, DNA methyltransferase expression",2,1,25.0,No,No,No,No
1698,"Increase, hypermethylation of the promotor region of gonadotropin releasing hormone receptor",2,1,25.0,No,No,No,No
1699,"Decrease, expression of gonadotropin releasing hormone receptor",2,1,25.0,No,No,No,No
1705,Impaired coordination and movement,2,1,27.27,No,No,No,No
1834,"Decrease, Acyl-CoA dehydrogenases",2,1,25.0,No,No,No,No
1769,"Increase, Body fluid overload",2,1,25.0,No,No,No,No
1772,"Decrease, Triglyceride",2,1,25.0,No,No,No,No
1762,Urothelial cell injury/death,2,1,25.0,No,No,No,No
1763,Urothelial Tumor,2,1,27.27,No,No,No,No
1780,"Increase, Oocyte apoptosis (F3)",2,1,25.0,No,No,No,No
1783,"Increase, Ovarian somatic cell apoptosis (F3)",2,1,25.0,No,No,No,No
1784,"Increase, Ovarian follicle breakdown (F3)",2,1,27.27,No,No,No,No
2373,"Increase, Mis-timed ecdysone receptor-responsive nuclear receptor cascade",2,1,25.0,No,No,No,No
1792,Toll-like receptor 4 activation,2,1,25.0,No,No,No,No
1793,Activator protein 1 activation,2,1,25.0,No,No,No,No
1794,Pin-1 activation,2,1,25.0,No,No,No,No
1795,Latent Transforming growth Factor beta expression,2,1,25.0,No,No,No,No
1814,benzoquinone imine and acylglucuronide metabolites,2,1,25.0,No,No,No,No
1818,Immune cell activation,2,1,25.0,No,No,No,No
1819,IFNγ signaling,2,1,25.0,No,No,No,No
1820,Immune mediated hepatitis,2,1,27.27,No,No,No,No
1839,Testicular Cancer,2,1,27.27,No,No,No,No
1842,Prolonged TLR9 activation,2,1,25.0,No,No,No,No
1843,Multi Organ Failure involving Acute Respiratory Distress Syndrome,2,1,36.36,No,No,No,No
1897,increased MyD88 activation,2,1,25.0,No,No,No,No
1898,increased release of danger/damage associated molecular patterns,2,1,25.0,No,No,No,No
1899,formation of neutrophil extracellular traps (NETs),2,1,25.0,No,No,No,No
1809,"Increase, Tissue/organ damage",2,1,27.27,No,No,No,No
1900,increased platelet surface TLR9 expression,2,1,25.0,No,No,No,No
1855,Increased Sodium-sensitive hypertension,2,1,25.0,No,No,No,No
1861,"Increase, D1 protein deactivation",2,1,25.0,No,No,No,No
1864,"Increase, Programmed cell death",2,1,25.0,No,No,No,No
1865,"Increase, Oxygen-evolving complex damage",2,1,25.0,No,No,No,No
1555,Increase cell proliferation,2,1,25.0,No,No,No,No
1550,Deposition of Ionizing Energy,2,1,25.0,No,No,No,No
997,"Decreased, Population size",2,1,27.27,No,No,No,No
1310,"Activation, PI3K",2,1,25.0,No,No,No,No
1299,"Activation, AKT",2,1,25.0,No,No,No,No
1300,"Activation, mTORC1",2,1,25.0,No,No,No,No
1995,Abnormal lipid metabolism,2,1,25.0,No,No,No,No
2094,"Abnormal, neuroblast migration",2,1,25.0,No,No,No,No
2095,Periventricular heterotopia formation,2,1,27.27,No,No,No,No
1607,"Increase, Necrosis",2,1,25.0,No,No,No,No
1920,"Altered gene expression, TGF-β dependent fibrosis pathway",2,1,25.0,No,No,No,No
1933,"Increased, Interleukin-6 production",2,1,25.0,No,No,No,No
1922,"Increased, Reactive metabolites production",2,1,25.0,No,No,No,No
1923,"Altered gene expression, P53 dependent apoptosis pathway",2,1,25.0,No,No,No,No
2030,"Activation, PARP1",2,1,25.0,No,No,No,No
2031,"Releasing, Apoptosis-Inducing Factor (AIF)",2,1,25.0,No,No,No,No
1934,Myocardial Infarction,2,1,27.27,No,No,No,No
1946,Impaired mechanotransduction of pericytes,2,1,25.0,No,No,No,No
1947,Pericyte dysfunction,2,1,25.0,No,No,No,No
1948,Increased ACE2 expression,2,1,25.0,No,No,No,No
1935,Angiotensin (1-7) levels diminished,2,1,25.0,No,No,No,No
1741,"Induced, Angiotensin (Ang) II accumulation",2,1,25.0,No,No,No,No
1936,Angiotensin II degradation reduced,2,1,25.0,No,No,No,No
1937,ADAM17 expression induction,2,1,25.0,No,No,No,No
1938,ACE2 increased shedding,2,1,25.0,No,No,No,No
1816,Mitochondrial dysfunction EMPTY,2,1,25.0,No,No,No,No
1941,Memory Loss,2,1,27.27,No,No,No,No
1942,"Accumulation, Cytosolic toxic Tau oligomers",2,1,25.0,No,No,No,No
1943,Hyperphosphorylation of Tau,2,1,25.0,No,No,No,No
1950,"Increase, TNF",2,1,25.0,No,No,No,No
1949,"Decrease, GLUT4",2,1,25.0,No,No,No,No
1951,"Decrease, Glucose uptake",2,1,25.0,No,No,No,No
1952,"Abnormal, Glucose homeostasis",2,1,27.27,No,No,No,No
1953,Gestational diabetes mellitus,2,1,27.27,No,No,No,No
1955,Acute Myeloid Leukemia,2,1,27.27,No,No,No,No
2099,hERG channel blockade,2,1,25.0,No,No,No,No
2100,Inhibition of rapid delayed rectifying potassium current ,2,1,25.0,No,No,No,No
1964,Sudden cardiac death,2,1,27.27,No,No,No,No
1965,"Increase, Pollen abnormal",2,1,27.27,No,No,No,No
1970,transposition of the great arteries,2,1,45.45,No,No,No,No
1979,Premature cell differentiation,2,1,27.27,No,No,No,No
2200,"decline, neural progenitor cells",2,1,27.27,No,No,No,No
1985,"Increased, Kisspeptin signalling",2,1,25.0,No,No,No,No
1987,"Decreased, Androgen and Progestin ",2,1,25.0,No,No,No,No
1988,"Decreased, Maturation Inducing Steroid Surge by Granulosa cells",2,1,25.0,No,No,No,No
1989,"Impaired, Oocyte maturation and ovulation",2,1,25.0,No,No,No,No
1990,"Increased, Oocyte Atresia",2,1,25.0,No,No,No,No
1991,"Impaired, Reproduction",2,1,27.27,No,No,No,No
2023,Inhibition of Ceramide Synthase ,2,1,41.67,No,No,No,No
2024,Reduced complex sphingolipids,2,1,41.67,No,No,No,No
2025,Affected folate transporter,2,1,25.0,No,No,No,No
2026,decreased folate uptake,2,1,25.0,No,No,No,No
2033,Increased sphingolipid-1-phosphate,2,1,25.0,No,No,No,No
2006,Secondary genotoxicity,2,1,33.33,No,No,No,No
2007,Non-coding RNA expression profile alteration,2,1,25.0,No,No,No,No
2008,Chronic obstructive pulmonary disease,2,1,27.27,No,No,No,No
2011,Emphysema,2,1,27.27,No,No,No,No
2012,Fibroblast proliferation and differentiation,2,1,25.0,No,No,No,No
2013,Airway remodeling,2,1,27.27,No,No,No,No
2065,"Inhibition, Fatty acid oxidation ",2,1,25.0,No,No,No,No
1442,Foam cell formation,2,1,27.27,No,No,No,No
2034,liver dysfunction,2,1,27.27,No,No,No,No
2036,Activation of metabotropic glutamate receptor,2,1,25.0,No,No,No,No
2038,Activation of calpain signalling,2,1,25.0,No,No,No,No
2039,Inhibition GABAA receptor,2,1,25.0,No,No,No,No
2187,"Opening, voltage-gated calcium channels",2,1,25.0,No,No,No,No
2188,"Activation, caspases",2,1,25.0,No,No,No,No
1812,"Increase, Cytochrome c release",2,1,25.0,No,No,No,No
2045,"Increase, Alcohol dehydrogenase",2,1,25.0,No,No,No,No
748,"Increased, Estrogen receptor (ER) activity",2,1,33.33,No,No,No,No
2046,"Increase, Vitellogenin mRNA",2,1,25.0,No,No,No,No
2047,"Delay, Ovarian maturation",2,1,25.0,No,No,No,No
2048,"Increase, Body volume of female adults",2,1,27.27,No,No,No,No
2049,"Increase, sex ratio (F/M)",2,1,27.27,No,No,No,No
2051,"Decrease, Tyrosine",2,1,25.0,No,No,No,No
2052,"Decrease, dopa decarboxylase",2,1,25.0,No,No,No,No
2053,"Increase, Defects in tanning of new cuticle",2,1,27.27,No,No,No,No
2054,"Increase,  impairment of cuticle sclerotization",2,1,27.27,No,No,No,No
2055,"Increase,  pigmentation",2,1,27.27,No,No,No,No
2056,"Increase,  delay in oviposition",2,1,27.27,No,No,No,No
2057,"Decrease,  hatching of egg",2,1,27.27,No,No,No,No
2058,"Decrease, 20-hydroxyecdysone",2,1,25.0,No,No,No,No
2059,"Decrease, knickkopf gene",2,1,25.0,No,No,No,No
2060,"Decrease, Chitin laminar organization",2,1,25.0,No,No,No,No
2061,"Decrease, Prevent chitin degradation by chitinases",2,1,25.0,No,No,No,No
2062,"Weak, Procuticle protection",2,1,27.27,No,No,No,No
2063,"Decrease, New cuticle secretion",2,1,27.27,No,No,No,No
2196,"Decrease, elavl3 ",2,1,25.0,No,No,No,No
2197,"Decrease, sox10",2,1,25.0,No,No,No,No
2198,"Decrease, mbp",2,1,25.0,No,No,No,No
637,"impaired, Learning and memory",2,1,27.27,No,No,No,No
1177,"Decreased, Ionotropic GABA receptor chloride channel conductance",2,1,25.0,No,No,No,No
2073,increase oxidation of the di-copper moiety of the hemocyanin active site ,2,1,25.0,No,No,No,No
2074,"Decreased, oxygen binding capacity by hemocyanin",2,1,25.0,No,No,No,No
2075,"Cognitive, sensed as hypoxic/low oxygen environment",2,1,27.27,No,No,No,No
2076,"Increase, hemocyanin mRNA",2,1,25.0,No,No,No,No
2077,"Increase, pulmonate breathing",2,1,27.27,No,No,No,No
2079,"Increased, glycolipid levels",2,1,25.0,No,No,No,No
2141,"Disruption, Estrogen receptor",2,1,25.0,No,No,No,No
2142,"Depletion, Ectoplasmic specialization (ES)",2,1,25.0,No,No,No,No
2085,Pulmonary epithelial injury,2,1,25.0,No,No,No,No
2086,Airway inflammation,2,1,27.27,No,No,No,No
2087,Increased incidence of respiratory disease,2,1,27.27,No,No,No,No
2088,Dysfunction of respiratory system,2,1,27.27,No,No,No,No
2104,"Decreased, thyroid hormone binding to thyroid hormone receptor",2,1,25.0,No,No,No,No
2109,"Binding, extracellular matrix protein laminin",2,1,25.0,No,No,No,No
2110,"Disrupted binding, laminin-beta1-integrin receptors with laminin",2,1,25.0,No,No,No,No
2111,"Decreased, neural progenitor cell adhesion to laminin",2,1,25.0,No,No,No,No
2112,"Disturbed, radial glia cell alignment and migration",2,1,25.0,No,No,No,No
2113,"Decreased, radial glia cell density",2,1,25.0,No,No,No,No
2114,"Disturbed, cortical architecture",2,1,27.27,No,No,No,No
1998,"Activation, Microglia",2,1,25.0,No,No,No,No
2127,Increased adipocyte size,2,1,25.0,No,No,No,No
2128,Increased adipocyte numbers,2,1,25.0,No,No,No,No
2129,Metabolically unhealthy Obesity,2,1,27.27,No,No,No,No
2125,Increased fat mass,2,1,27.27,No,No,No,No
2130,increased lipid accumulation,2,1,25.0,No,No,No,No
2132,Increased pro-inflammatory cytokine expression,2,1,25.0,No,No,No,No
2134,"Increase, Androgen receptor protein expression/abundance",2,1,25.0,No,No,No,No
2136,prostatic intraepithelial neoplasia,2,1,25.0,No,No,No,No
2135,Prostate cancer,2,1,27.27,No,No,No,No
2137,"Increase, Gonadotropins concentration in plasma",2,1,25.0,No,No,No,No
2139,"Reduction, the ratio of 17beta-estradiol/11-Keto Testosterone in plasma ",2,1,27.27,No,No,No,No
2144,Impaired insulin signaling,2,1,25.0,No,No,No,No
2145,Metabolic syndrome,2,1,27.27,No,No,No,No
2194,Influenza A Virus (IAV) shedding and transmission,2,1,36.36,No,No,No,No
2162,"Activation, HIF1α",2,1,25.0,No,No,No,No
2163,Activation Sema6A,2,1,25.0,No,No,No,No
2165,Activation of PPAR,2,1,25.0,No,No,No,No
2166,Abnormal expression of NO,2,1,25.0,No,No,No,No
2167,Activation of MMP-2 MMP-9,2,1,25.0,No,No,No,No
2168,Activation of angiopoietin like protein 4,2,1,25.0,No,No,No,No
2169,Activation of Angiogenic cytokines,2,1,25.0,No,No,No,No
2170,Activated ANG/Tie2 pathway,2,1,25.0,No,No,No,No
2171,Activated BMP/TGF-beta pathway,2,1,25.0,No,No,No,No
2172,Activated Wnt/Frizzled pathway,2,1,25.0,No,No,No,No
2173,Activated AKT/ERK/PI3K pathway,2,1,25.0,No,No,No,No
2174,Inhibition VEGF/VEGFR pathway,2,1,25.0,No,No,No,No
2178,Vascular barrier disruption,2,1,25.0,No,No,No,No
2179,Impaired Platelet Aggregation,2,1,25.0,No,No,No,No
2201,"Agonism, Retinoic acid receptor",2,3,58.33,Yes,No,No,Yes
1553,Increase mutations,2,1,25.0,No,No,No,No
2233,"Decreased, ERαβ heterodimers",2,1,25.0,No,No,No,No
2240,The NO synthase pathway activation,2,1,25.0,No,No,No,No
2241,Ferroptosis related pathways activation,2,1,25.0,No,No,No,No
2365,"Anogenital distance (AGD), increased",2,1,25.0,No,No,No,No
2277,"Inhibition, aromatase activity in plasma",2,1,25.0,No,No,No,No
2279,Structural changes in lamin A/C,2,1,25.0,No,No,No,No
1924,Increased，Cardiac fibrosis,2,1,27.27,No,No,No,No
2281,Increased uncoordinated cardiac contraction,2,1,25.0,No,No,No,No
2284, Increased Intracellular cAMP Levels,2,1,25.0,No,No,No,No
2285,Increased the delayed and early afterdepolarizations,2,1,25.0,No,No,No,No
2287,Impaired Sodium-Calcium Exchange,2,1,25.0,No,No,No,No
2157, Abnormal Cardiac Structure and Function,2,1,27.27,No,No,No,No
2288,Phosphodiesterase inhibition,2,1,25.0,No,No,No,No
2289,Hyperphosphorylation of ryanodine receptor (RyR2),2,1,25.0,No,No,No,No
2294,"Plasma estradiol, increased",2,1,25.0,No,No,No,No
2295,HCN Channel Inhibition,2,1,25.0,No,No,No,No
1541,Mitochondrial Complex I inhibition,2,1,25.0,No,No,No,No
2307,Binding of plastoquinone B,2,1,25.0,No,No,No,No
2309,Decreased DNA methylation of FAM50B/PTCHD3,2,1,25.0,No,No,No,No
2310,Elevated gene expression of FAM50B/PTCHD3,2,1,25.0,No,No,No,No
2311,Inhibition of PI3K-Akt pathway,2,1,25.0,No,No,No,No
2324,Increased of Treg/Th17 cell ratio,2,1,25.0,No,No,No,No
2326,CTL cytotoxic activity disruption,2,1,25.0,No,No,No,No
2331,"Activation, Mineralocorticoid Receptor",2,1,25.0,No,No,No,No
2332,"Increase, Lipid droplet",2,1,25.0,No,No,No,No
2333,"Increase, Fat mass",2,1,27.27,No,No,No,No
2334,"Increase, DGAT1",2,1,25.0,No,No,No,No
2335,"Increase, body mass index",2,1,27.27,No,No,No,No
2336,"Increase, SREBF1",2,1,25.0,No,No,No,No
2337,"Increase, perilipin-2",2,1,25.0,No,No,No,No
2211,Microcephaly,2,1,27.27,No,No,No,No
2339,"Intracellular copper, increased",2,1,25.0,No,No,No,No
2340,"Oligomerisation of dihydrolipoamide acetyltransferase (DLAT), increased",2,1,25.0,No,No,No,No
2341,"Tricarboxylic acid (TCA) cycle, disrupted",2,1,25.0,No,No,No,No
2342,"Iron-sulfur cluster assembly, impaired",2,1,25.0,No,No,No,No
2343,"Cuproptosis, increased",2,1,25.0,No,No,No,No
2344,"Upregulation, growth arrest and DNA-damage-inducible beta a",2,1,25.0,No,No,No,No
2345,"Activation, MAPK",2,1,25.0,No,No,No,No
2346,"Decrease, Proliferating Cell Nuclear Antigen",2,1,25.0,No,No,No,No
2347,"Increase, Lipid degradation",2,1,25.0,No,No,No,No
2348,"Inhibition, Liver regeneration",2,1,27.27,No,No,No,No
2349,Inhibition of  LDH activity,2,1,25.0,No,No,No,No
2350,"Decreased, Glycolysis",2,1,25.0,No,No,No,No
2351,"Increased, OXPHOS",2,1,25.0,No,No,No,No
2352,"Increased, MMP",2,1,25.0,No,No,No,No
2353,"Disrupted, energy metabolism",2,1,25.0,No,No,No,No
2354,"Activation, Apoptosis signaling",2,1,25.0,No,No,No,No
2355,"Disrupted, Spermatogenesis and Sperm quality",2,1,27.27,No,No,No,No
1238,Activation of oxidative stress pathway,2,1,41.67,No,No,No,No
2366,ovarian retardation,2,1,27.27,No,No,No,No
2367,Steroidogenesis Dysregulation,2,1,25.0,No,No,No,No
2369,Granulosa cell damage,2,1,25.0,No,No,No,No
2376,"Inhibition, organic anion-transporting polypeptide 1C1 (OATP1C1)",2,1,25.0,No,No,No,No
2377,"Decrease, neural network maturation",2,1,25.0,No,No,No,No
2378,Impaired axonal insulation,2,1,25.0,No,No,No,No
2379,Disruption of the regulatory function of dopamine signaling components.,2,1,25.0,No,No,No,No
2380,"Increase, transcription of the dopamine transporter (SLC6A3) gene",2,1,25.0,No,No,No,No
2381,"Increase, transcription of the dopamine receptor (drd) gene.",2,1,25.0,No,No,No,No
2382,"Increase, nerve spasm",2,1,27.27,No,No,No,No
2385,Suppression of Keap1 cysteine oxidation,2,1,25.0,No,No,No,No
2386,Lipid-peroxidation overload,2,1,25.0,No,No,No,No
1994,"Increase, Ferroptosis",2,1,25.0,No,No,No,No
2387,"MIE-A: Direct ligand interaction with nuclear hormone receptors (ERα/ERβ, AR) or interference with steroidogenic enzymes (e.g., CYP19A1) → receptor activation/antagonism or enzyme inhibition.",2,1,25.0,No,No,No,No
2388,MIE-B: Photoactivation / photoproduct formation leading to ROS generation,2,1,25.0,No,No,No,No
2389,KE1: Altered steroidogenesis (gene/protein level),2,1,25.0,No,No,No,No
2390,KE5: Altered circulating reproductive hormones,2,1,27.27,No,No,No,No
2391,Reduced fertility / fecundity,2,1,27.27,No,No,No,No
1507,Activation of PPARγ,2,1,25.0,No,No,No,No
2394,Diminished survival of naive B lymphocytes,2,1,25.0,No,No,No,No
2395,Diminished proliferation of activated B lymphocytes ,2,1,25.0,No,No,No,No
2396,Diminished differentiation of activated B lymphocytes ,2,1,25.0,No,No,No,No
2397,Diminished vaccine response,2,1,27.27,No,No,No,No
2398,Reduced antibody production,2,1,25.0,No,No,No,No
1213,"Increased, Angiogenesis",1,1,91.67,Yes,No,No,Yes
1317,"Decreased, serotonin transporter activity",1,4,25.0,No,No,No,Yes
1323,"Decreased, intracellular serotonin",1,4,25.0,No,No,No,Yes
1324,"Decreased, packaged serotonin",1,4,25.0,No,No,No,Yes
1325,"Decreased, synaptic release",1,4,25.0,No,No,No,Yes
1344,"Increased, seizure",1,4,27.27,No,No,No,Yes
1385,"Activated, gastric ulcer formation",1,4,27.27,No,No,No,Yes
2120,"Superoxide generation, increased",1,1,100.0,Yes,No,No,Yes
319,"Loss, Cochlear function",0,1,45.45,No,No,Yes,Yes
213,"N/A, Parent compound is converted to the reactive metabolite and forms free radicals leading to oxidation of heme iron(II) in hemoglobin to iron(III)",0,1,33.33,No,No,Yes,Yes
21,"Altered regulation, Alpha hemoglobin",0,1,41.67,No,No,Yes,Yes
250,"Damaging, Red blood cells; hemolysis",0,1,41.67,No,No,Yes,Yes
118,"Formation, Formation of hemoglobin adducts",0,1,41.67,No,No,Yes,Yes
131,"Down Regulation, Gulcose-6-phosphate dehydrogenase",0,1,41.67,No,No,Yes,Yes
246,"Increase, RBC congestion in liver",0,1,36.36,No,No,Yes,Yes
161,"Increase, Liver and splenic hemosiderosis",0,1,36.36,No,No,Yes,Yes
173,"N/A, Methemoglobinemia, decreased hemoglobin, hematocrit, red blood cell number",0,1,36.36,No,No,Yes,Yes
321,"N/A, Cyanosis occurs",0,1,36.36,No,No,Yes,Yes
1305,"Increase, cytosolic fatty acid",0,1,75.0,Yes,No,No,Yes
1490,"Inhibition, Fatty Acid Beta Oxidation",0,1,50.0,Yes,No,No,Yes
1491,"Increased, Oncotic Necrosis",0,1,66.67,Yes,No,No,Yes
1345,"Increased, agitation",0,3,25.0,No,No,No,Yes
1346,"Increased, depression",0,3,27.27,No,No,No,Yes
1355,"Activated, membrane depolarization",0,3,25.0,No,No,No,Yes
1362,"Increased, hippocampal hyperdepolarization",0,3,25.0,No,No,No,Yes
1397,"Increased, serotonin transporter activity",0,3,25.0,No,No,No,Yes
1398,"Increased, intracellular serotonin",0,3,25.0,No,No,No,Yes
1399,"Increased, packaged serotonin",0,3,25.0,No,No,No,Yes
1400,"Increased, synaptic release",0,3,25.0,No,No,No,Yes
51,"Inhibition, Ca++ ATPase",-1,1,58.33,No,No,No,Yes
50,"Increase, Ca++ (intracellular)",-1,1,58.33,No,No,No,Yes
1322,"Increased, intracellular chloride (Cl-)",-1,2,25.0,No,No,No,Yes
1336,"Activation, 5-HT2A (Serotonin 2A)",-1,2,25.0,No,No,No,Yes
1337,"Activate, PLC (Phospholipase C)",-1,2,25.0,No,No,No,Yes
1338,"Increase, inositol triphosphate",-1,2,25.0,No,No,No,Yes
1340,"Activate, calmodulin",-1,2,25.0,No,No,No,Yes
1341,"Increase, myosin light chain phosphorylation",-1,2,25.0,No,No,No,Yes
1342,"Increase, vascular smooth muscle contraction",-1,2,25.0,No,No,No,Yes
1343,"Increase, hypertension",-1,2,27.27,No,No,No,Yes
1351,"Activated, NMDA receptor",-1,2,25.0,No,No,No,Yes
1352,"Activated, voltage-gated sodium channel",-1,2,25.0,No,No,No,Yes
1354,"Treat, carbamazepine",-1,2,25.0,No,No,No,Yes
1357,"Increased, RDX dose",-1,2,25.0,No,No,No,Yes
1382,"Decrease, surfactant",-1,2,25.0,No,No,No,Yes
1383,"Activate, phospholipase",-1,2,25.0,No,No,No,Yes
1384,"Increase, ammonium (NH4+)",-1,2,25.0,No,No,No,Yes
1396,"Increased, glucocorticoid receptor activity",-1,2,25.0,No,No,No,Yes
1405,"Reduced, mucosal defense",-1,2,25.0,No,No,No,Yes
2149,Increased intracelluar Iron accumulation,-1,2,25.0,No,No,No,Yes
310,"Alteration, Wnt pathway",-2,1,41.67,No,No,No,Yes
240,"Feminisation or incomplete development, Primary and accessory male sex organs",-2,1,36.36,No,No,No,Yes
337,"N/A, Impairment of reproductive capacity",-2,1,36.36,No,No,No,Yes
193,"Decreased, Nitric Oxide",-2,1,41.67,No,No,No,Yes
166,"Decreased, Long-term potentiation (LTP)",-2,1,36.36,No,No,No,Yes
9,"Activation, 5HT2c",-2,1,41.67,No,No,No,Yes
1187,"Increased, ER binding to DNA (classical pathway) ",-2,1,41.67,No,No,No,Yes
1188,"Increased, ER binding to T.F. to DNA (non-classical pathway)",-2,1,41.67,No,No,No,Yes
1189,"Increased, Proliferation (Endothelial cells) ",-2,1,41.67,No,No,No,Yes
1191,"Increased, Non-genomic signaling",-2,1,41.67,No,No,No,Yes
1195,"modulation, Extracellular Matrix Composition ",-2,1,41.67,No,No,No,Yes
1240,"Altered, Protein Production",-2,1,41.67,No,No,No,Yes
1242,"Increased, Second Messenger Production",-2,1,41.67,No,No,No,Yes
1316,"Inhibit, serotonin transporter activity",-2,1,25.0,No,No,No,Yes
1318,"Decreased, extracellular sodium (Na+) ",-2,1,25.0,No,No,No,Yes
1319,"Decreased, extracellular chloride (Cl-)",-2,1,25.0,No,No,No,Yes
1326,"Increased, 5-HT3 (5-hydroxytryptamine)",-2,1,25.0,No,No,No,Yes
1334,"Increase, cortisone",-2,1,25.0,No,No,No,Yes
1356,"Inactive, membrane depolarization",-2,1,25.0,No,No,No,Yes
1358,"Repress, GABA-A receptor",-2,1,25.0,No,No,No,Yes
1359,"Activate, GABA-A receptor",-2,1,25.0,No,No,No,Yes
1360,"Activate, presynaptic neuron 2",-2,1,25.0,No,No,No,Yes
1361,"Increase, GABA",-2,1,25.0,No,No,No,Yes
1367,"Inhibit, gastric ulcer formation",-2,1,27.27,No,No,No,Yes
1368,"Inhibition, PTGS-1 (Prostaglandin-endoperoxide synthase 1)",-2,1,25.0,No,No,No,Yes
1369,"Activation, PTGS-1 (Prostaglandin-endoperoxide synthase 1)",-2,1,25.0,No,No,No,Yes
1370,"Activation, PTGS-2 (Prostaglandin-endoperoxide synthase 2)",-2,1,25.0,No,No,No,Yes
1371,"Inhibition, PTGS-2 (Prostaglandin-endoperoxide synthase 2)",-2,1,25.0,No,No,No,Yes
1372,"Increase, bicarbonate ",-2,1,25.0,No,No,No,Yes
1373,"Increase, mucous",-2,1,25.0,No,No,No,Yes
1374,"Increase, mucosal blood flow",-2,1,25.0,No,No,No,Yes
1375,"Increase, platelet aggregation",-2,1,25.0,No,No,No,Yes
1377,"Decrease, leukocyte adherence",-2,1,25.0,No,No,No,Yes
1378,"Increase, leukocyte adherence",-2,1,25.0,No,No,No,Yes
1379,"Activate, leukocyte ",-2,1,25.0,No,No,No,Yes
1380,"Activate, mucosal defense",-2,1,25.0,No,No,No,Yes
1381,"Increase, surfactant",-2,1,25.0,No,No,No,Yes
1401,"Decreased, 5-HT3",-2,1,25.0,No,No,No,Yes
1402,"Reduced, PTGS1 function",-2,1,25.0,No,No,No,Yes
1403,"Reduced, platelet aggregation",-2,1,25.0,No,No,No,Yes
1404,"Decreased, mucosal blood flow",-2,1,25.0,No,No,No,Yes
1406,"Decreased, mucous",-2,1,25.0,No,No,No,Yes
1407,"Decreased, bicarbonate",-2,1,25.0,No,No,No,Yes
1408,"Reduced, PTGS2 function",-2,1,25.0,No,No,No,Yes
1409,"Decreased, angiogenesis",-2,1,25.0,No,No,No,Yes
1410,"Increased, leukocyte adherence",-2,1,25.0,No,No,No,Yes
1411,"Increased, leukocyte activation",-2,1,25.0,No,No,No,Yes
1412,Helicobacter pylori infection,-2,1,25.0,No,No,No,Yes
1413,"Reduced, presynaptic neuron 2 activity",-2,1,25.0,No,No,No,Yes
1414,"Decreased, GABA",-2,1,25.0,No,No,No,Yes
1415,"Reduced, GABA-A receptor activation",-2,1,25.0,No,No,No,Yes
1416,"Decreased, intracellular chloride",-2,1,25.0,No,No,No,Yes
1419,"Reduced, FXR activity",-2,1,25.0,No,No,No,Yes
1420,"Reduced, SHP activity",-2,1,25.0,No,No,No,Yes
1421,"Activated, LXR",-2,1,25.0,No,No,No,Yes
1422,"Reduced, PPARalpha",-2,1,25.0,No,No,No,Yes
1423,"Reduced, HSD17B4 activity",-2,1,25.0,No,No,No,Yes
1424,"Reduced, fatty acid beta oxidation",-2,1,25.0,No,No,No,Yes
1462,Thiol group of chemicals interact with sulfuhydryl groups of proteins to form thiol adducts,-2,1,25.0,No,No,No,Yes
1463,Inhibition of lysyl oxidase,-2,1,25.0,No,No,No,Yes
1464,Reduction of collagen crosslinking,-2,1,25.0,No,No,No,Yes
1465,Weak collagen matrix,-2,1,25.0,No,No,No,Yes
1466,Notochord distortion or malformations,-2,1,27.27,No,No,No,Yes
2148,Increased LCN2/iron complex  binds to SLC22A17 receptor in neuron ,-2,1,25.0,No,No,No,Yes
2282,Cardiac ion channels blockade ,-2,1,25.0,No,No,No,Yes
1929,Increased incidence of cardiovascular morbidity and mortality in the general population,-2,1,27.27,No,No,No,Yes
2204,Altered brain morphology,-2,1,27.27,No,No,No,Yes
2207,"inhibition, EKR1/2 signaling pathway",-2,1,25.0,No,No,No,Yes
2209,autism-like behavior,-2,1,27.27,No,No,No,Yes
2210,Reduced cortical thickness,-2,1,25.0,No,No,No,Yes
2216,Binding of antagonist to thyroid hormone receptor,-2,1,25.0,No,No,No,Yes
2217,Binding of antagonist to glucocorticoid hormone receptor,-2,1,25.0,No,No,No,Yes
2218,Binding of (ant)agonist to liver X receptor,-2,1,25.0,No,No,No,Yes
2219,Binding of (ant)agonist to peroxisome proliferator–activated receptor alpha,-2,1,25.0,No,No,No,Yes
2220,"Antagonism, Glucocorticoid hormone receptor",-2,1,25.0,No,No,No,Yes
2221,Altered Liver X receptor activity,-2,1,25.0,No,No,No,Yes
2222,Altered peroxisome proliferator–activated receptor alpha activity,-2,1,25.0,No,No,No,Yes
2223,Reduced number of oligodendrocytes,-2,1,25.0,No,No,No,Yes
2228,Cerebellar gene expression. Altered,-2,1,25.0,No,No,No,Yes
2229,Cerebellar neuronal differentiation. Decreased,-2,1,27.27,No,No,No,Yes
2230,Cerebellar hypoplasia,-2,1,25.0,No,No,No,Yes
2232,"Antagonism, Retinoic acid receptors",-2,1,25.0,No,No,No,Yes
2290,Inhibition of Funny current (If),-2,1,25.0,No,No,No,Yes
